index,location,organization,CGN
0,"Синьцзяне,Лоупе,район,Тэгу,Лоуп,Синьцзян-Уйгурский",China Solar Energy Successing Ltd,202307050014
1,"Хубэй,Чун,Хуанган","Хубэй,Чайна нью-Энтерпрайз",202301310002
2,"Яньцзян,Гуандун,Янцзы",Jiangian,202305150006
3,Шаньдун,"источник,Чайна Хинси",20230307002
4,Гуандун,Чайна инжиниринг лтд,2021223002
5,Шаньдун,"SK,Чайна Инжиниринг лимитед",202304270004
6,Шаньдун,Чайна Хинэ,20230609001
7,"Гуандун,Цзянмен",Тайшань АЭС,20221122001
8,"Шэньчжэнь,Гуандун",China Institute of Nuclear,2023024005
9,"Гуандун,Янцзы",Jiangian,20230526004
10,"Чжэцзян,Гуанси,Гуандун",Чайна инжиниринг лтд.,202211110003
11,"Пекин,Тойота",,202307040015
12,"Сато,Шакуда,Гуандун",Чайна нью-йорка нью-д,202211230004
13,"Северный Чин,Генер,Гилонге,Автономн,Чингх,Гилон,район Гуанси-Шань,Чин,Чинбэя","Компания Чинбэй,EPC,ЕПК",202302210004
14,"Шэньчжэнь,Китае,Гуандун",,202304170003
15,"Большого залива Шэньчжэнь,Гуандун","Линтон энтерпрайз лимитед,Гуандун. Лимитед",202206270006
16,"Гуандуне,Гуандун",Чайна Хинэ,20221028003
17,Шэньчжэнь,Золотой источник,202304240018
18,"Пекин,Тойота,Гуанчжоу",Dun State Company,20230524002
19,"Чжэцзян,Шаньдун",Чайна Инжиниринг лимитед,202307120001
20,Шаньдун,Чайна Инжиниринг лимитед,20230518002
21,Шаньдун,Чайна инжиниринг лтд.,20230620002
22,"Али,Ali,Тир,район,Тибете",Али,202301180009
23,"Шэньчжэнь,Гуандун",Чайна Хинан,202304030007
24,Шэньчжэнь,"Lingong Line Line,Ling Atom",202307120011
25,Гуандун,"Чайна Хинонжиниринг лтд,Золотой источник",20230128002
26,"Чунси,Нанси,Сиань",Энергопроект,202210190005
27,Шаньдун,Чайна Инжиниринг лимитед,20230116003
28,Гуандун,,202304140006
29,"Ядерном острове,Яблоке,Шаньдун",Чайна Инжиниринг лимитед,202303140012
30,"Фуцзянь,Гуандун",Чайна Инжиниринг лимитед,20230720007
31,Шаньдун,Чайна инжиниринг лтд,202306270009
32,"Нинде,Фуцзянь",Фуцзяньнинд энтерпрайз лимитед,20230504009
33,Гуандун,Чайна инжиниринг лтд.,202303140017
34,"Гуандун,Янцзы",China Institute of Nuclear,20230307003
35,,Чжунцзюнь Тэн,20221226006
36,"Пекин,Китая,Тойота,Китая.. Ltd",,202304060020
37,Шаньдун,"Чайна Хинси,Золотой источник",202211160004
38,Шэньчжэнь,Гуандун АЭС лтд,202303150014
39,"Чжэцзян,Фуцзянь,Шаньдун,Гуандун","Hongongong AD,Чайна инжиниринг лтд,Fujiang BZ,Sandong CW,Jiang CS",2023070001
40,Шаньдун,Хинонжиниринг лимитед,20221021001
41,"Гуандун,Янцзы,Цяньцзян Цзян Цзянцзян Цзяньцзиньцзяо",Чайна Хинси,20221216003
42,Шаньдун,,20230329008
43,"Юньнань,Яньцзян-хани,Юйцзи,провинци",China New Energy Юньнань,20230517002
44,"Пекин,Тойота",,20230710003
45,"Аллагонский союз,Немонгольская автоном,область","PC Aramco II,PC,Ин Монгольская инновационная энергетическая компания",202305240017
46,Шаньдун,Чайна Хинси,20230609001
47,"Чхонан,Чианг-дун,Инг,Хинтон,Китая",Ltd,202301310001
48,"Али,район,Тибете,Планд",«Али,20230217001
49,Шаньдун,Чайна Инжиниринг лимитед,202304270005
50,"Пекин,Тойота,Гуанчжоу",Dun State Company,202305240013
51,"Пекин,Тойота",Ltd,202304060017
52,Гонконгский автономный округ,Хинонжиниринг лимитед,20221115003
53,"Наньцзян,Хунань,Чжоу",,20230522004
54,"Янцзыне,Гуандун,Янцзы",Jiangian,202212020007
55,"Пекин,Тойота",,20230710008
56,"Гуандун,Янцзы",,202305260004
57,Шаньдун,Чайна Хинси,202211140008
58,"Сычуань,Шин,Гуаньюань,Сычуань Сычуань",Синьцзян,202303230004
59,Шаньдун,"ед,Чайна Инжиниринг",20221024002
60,Гуандун,Хинонжиниринг лимитед,202211140005
61,Ляонин,"Красная речка , CRF,Ляонин красный в",202305170003
62,"район Гуанси-Шань,Автономн",Чайна Хинон инжиниринг лтд,202209280003
63,Шаньдун,Чайна Хинэ,202211030001
64,"Гуандун,Хиросимы",Чайна Инжиниринг лимитед,202304230007
65,Шаньдун,Чайна инжиниринг лимитед,20230406009
66,"Синьцзян-Уйгурский автономный округ,Гимуна,район,Алтай",Синьцзян,202208230002
67,,Чайна Инжиниринг лимитед,202303080001
68,Фуцзянь,"ед,Чайна Инжиниринг",20230110002
69,"Цзянсу,Гусу,Су","Сучжоу,Институте термотехники",20221207003
70,Гуандун,Чайна Инжиниринг лимитед,20221109005
71,"Порт-о-Пренсе,Порт-оф-Си",Hyundai Song Corp,20230504005
72,"Шэньчжэнь,Фуцзянь",,202306120002
73,Шаньдун,Чайна Хинэ,20230627009
74,"Гуандун,Янцзы","Чайна инжиниринг лтд.,Институте ядерных исследований",20220927005
75,Шаньдун,Чайна Хинси,20230530003
76,"Шэньчжэнь,Гуандун",China Institute of Nuclear,202303240004
77,Гуандун,Чайна Хинонжиниринг лимитед,20230419001
78,Гуандун,Чайна Хинси,202307110004
79,"Пекин,Тойота",,20230627005
80,"Шэньчжэнь,Гуандун","Лингвэн энтерпрайз,.,Хиндун электрик компани лимитед,Лэнк,Линтон . Atomic Energy Ltd,Ф",20230315008
81,"Шэньчжэнь,Гуандун",Чайна инжиниринг лтд,20221215002
82,Шаньдун,Чайна Хинси,20230329003
83,Шаньдун,Чайна инжиниринг лтд,202302020001
84,"Пекин,Тойота",,20230614004
85,"Хиросимы,Уичжоу,Уидон,Гуандун,Гуаняо",Энергос,202210110005
86,Гуандун,Шэньчжэнь Синьцзян,202211240004
87,Шаньдун,Чайна Хинон инжиниринг лимитед,20230118005
88,Шаньдун,Чайна инжиниринг лтд,202210270006
89,"Синьцзян-цзян-Уньцзян-Уйгурский,Синьцзян-Синьцзян-Синьцзян-Уцзян-Уйгурский,Баян-Монгольский автономный округ,округ,Синьцзян-Уйгурский автоном,Жуан",,202307110009
90,"Юньнань,Таити,Уаньин",Юйцзи Суануэн,20220927002
91,Фуцзянь,"ед,Чайна Инжиниринг",20230310004
92,"Юньнань,Осаки",,202304140004
93,"Пекин,Тойота,Хиросима",Dun State Company,202305240012
94,Фуцзянь,"Шэньчжэнь,AB,Золотой источник",202306120002
95,"район Гуанси-Маньчжур,Гуанси,пор,Автономн,Чжунцзян,Южно-Китай,Гуанчжоу","фондом,Уполномочен",20230531003
96,"Гуйчжоу,Минамбуйи,Гуанчжоу,Гуйтинг",Компания Ветряная энергетика,202307110003
97,Порт-о-де-Гонконг,Чайна Хинон инжиниринг лтд,202210110007
98,"Белого города,Джилин,Гранд-Ан,Белый город",Компания Ветро,202301060003
99,"Чжэцзян,Гуандун",Чайна Хинси,202306150009
100,"район,Лоуп,Синьцзян-Уйгурский автоном,Тэгу",,20230705009
101,"Шэньчжэнь,Гуандун",China Institute of Nuclear,20230529002
102,,Чайна инжиниринг лтд.,202306080013
103,"Гуандун,Янцзы",Jiangian,20230531005
104,Гуандун,Чайна Инжиниринг лимитед,20230328002
105,"Шэньчжэнь,Гуандун",Чайна Хинан,202304030007
106,Гуандун,Чайна Хинонжиниринг лимитед,20230119003
107,"Чжэцзян,Вэньчжоу","Чайна Хинси,ф,Золотой источник",2022127001
108,Чжэцзян,Чайна Хинси,20221110001
109,"Хиросимы,Уичжоу,Хоучжоу,Уидон,Гуандун",,202211150007
110,Шаньдун,Чайна Хинон инжиниринг лтд,20230419004
111,"Цзянсу,Гусу,Су,Сучжоу",Институте термотехники,202212070003
112,Гуандун,Чайна инжиниринг лтд.,202304240011
113,"Хан-де-ду-Сипин,Хиросима,Хэбэй",,20230616001
114,"Хэйлунцзян,Цзиньцзян,Цинго",,20230529005
115,"Чжэцзян,Вэньчжоу",Чайна Хинон инжиниринг лтд,20230619001
116,"Пекин,Китае,Тойота",,20230712004
117,Гуандун,Ltd,20230629001
118,"Юньнань,Осаки",Чжуцунь,2022127003
119,Гуандун,Хинонжиниринг лимитед,20230516002
120,Чжэцзян,Чайна Хинонжиниринг лимитед,202211160008
121,Гуандун,Чайна Хинон инжиниринг лимитед,20221017005
122,"Чжэцзян,Ваннань",Чайна Хинси,20221129002
123,"Шэньчжэнь,Гуандун",,202304030007
124,"округ,Минь,Синьцзян-Уйгурский автоном,Та-Сити",,20230607001
125,"Ядерном острове,Шаньдун",Чайна Инжиниринг лимитед,202306140009
126,Шаньдун,Чайна Хинэ,202302020001
127,"Гуандун,Янцзы",,202305040001
128,"Чжэцзян,Гуандуне,Гуандун","AD,Чайна Инжиниринг,д",20230420005
129,"Гуандун,Янцзы",Jiangian,20230504001
130,,Чайна Хинон инжиниринг лтд,202303210002
131,"Баян-Монгольский автономный округ,Синьцзян,округ,Синьцзян-Уйгурский автоном,Жуан",,20230704004
132,Шаньдун,Чайна Инжиниринг лимитед,20230518002
133,"Сычуань,Гуань,Чжоучжоу","Компания Чайна,н",202304240020
134,Гуандун,Чайна Инжиниринг лимитед,20221018001
135,Шаньдун,Чайна Хинси,202304190005
136,"Торри,Центральном Японском башне,Та-Сити,округ,Синьцзян-Уйгурский",".,TORY",202212080010
137,"Али,автоном,Тир,район,Alien",Али,20230117005
138,Гуандун,Чайна Инжиниринг лимитед,202306070009
139,Гуандун,Чайна Хинон инжиниринг лтд.,202307040028
140,"Юньнань,Яньцзян-хани,Юйцзи",Юйцзян энтеррейд,20230505001
141,Фуцзянь,Чайна Инжиниринг лимитед,202305230002
142,"Джилин,Гранд-Ан,Белый город",Energy White City Ltd,20230105003
143,"Гуандун,Янцзы","ф,Чайна энтерпрайз",202303150009
144,Шаньдун,,202305310007
145,"Чжэцзян,Восток,,,.,Нимбо,Восточная (Северная) база","Нинбо,Nintendo Smart Energy Ltd",20230116001
146,Гуандун,Чайна Инжиниринг лимитед,202303010003
147,Гуандун,Чайна Инжиниринг лимитед,20230317004
148,"Гуандун,Янцзы","ф,Чайна энтерпрайз,,",20221130005
149,"Северный Чин,Автономн,Чхонан,Гилоне,Гилон,Чин. Чайна,район Гуанси-Шань,Чинбэя",,20230406001
150,"Чайна Сити,станция,В,Лебедь,Чжунцзяо,Lake of the Language,Чайна,Цзиньцзян,Хэбэй","s friends,Чжоу,s Northern &,Mitsubishi City Television,China &,Хэбэй",20230608004
151,"Лингвэй,Лингх-Австралии,Большого Азиатского залива,ливе Гранд-Авто,Шэньчжэнь",,20221018002
152,"Шэньчжэнь,Гуандун",China Institute of Nuclear,20230518007
153,"Нинде,Фуцзянь",Чайна Инжиниринг лимитед,202211240005
154,"Джилин,Гранд-Ан,Белый город",Energy White City Ltd,20230228005
155,"Ляонин,Ханьян",,202212020008
156,Фуцзянь,,20230116005
157,"Шаньдун,остров",Чайна Инжиниринг лимитед,202303280007
158,"Гуйчжоу,Минамбуйи,Чжоу Тяньцзяне,Гуйтинг",Quote Power Company,20230106005
159,Гуандун,Хинонжиниринг лимитед,202303170003
160,"Пекин,Тойота",,202304060015
161,Гуандун,,202209280001
162,Шаньдун,Чайна инжиниринг лтд.,20230314001
163,"Шэньчжэнь,Гуандун",,20221130003
164,Шаньдун,Чайна Инжиниринг лимитед,202307110012
165,"Герму,Цинхайхен,Цинхай,район Хайси-Монголия","компания Чайна Хиросима,тро",202303140010
166,"Гуандун,Янцзы",China Institute of Nuclear,202301030002
167,"район Гуанси-Шань,Автономн",Чайна Хинси,20221016001
168,Фуцзянь,"China Nuclear Power Engineering Company Limited,Чайна Инжиниринг лимитед",202304270002
169,"Чжэцзян,Каньшань,Синьцзян,Чжуншань,провинци","Компания Ветроэнергетика .,.",202303210001
170,"Фуцзянь,Фуцзяньнина",,202301120002
171,Шэньчжэнь,Гуандун,20230228001
172,"Синьху,Хунань,Нойда,Юнчжоу","Компания Новая энергетика,Синьхуа,ЕПК",20221008001
173,"Тасане,Гуандун,Ташань",,20221020002
174,Гуандун,Чайна Хинон инжиниринг лимитед,20230403004
175,".,Нижняя Монголия",УНИТА,20230224003
176,Чжэцзян,Чайна Инжиниринг лимитед,20230223007
177,Гуандун,Чайна инжиниринг лтд,202306130006
178,Гуандун,"Чайна Хинси,Золотой источник",20230630004
179,Шаньдун,Хинонжиниринг лимитед,20230619004
180,Шанхай,Чжунъюнк (Шанхай,20230427001
181,"Юньнань,Цюй,Тюдоре,Цзюй",Чжусун,202212080005
182,Шаньдун,Чайна Хинси,202306080012
183,"Открытый город,Ханан,Ланко",Компания Синьцзян,202304240010
184,"Гуаняо,Уитон,Гуандун,Хиросимы",,202304250006
185,"Аньхой,Тяньаньмэнь",,20230105007
186,"Чжэцзян,Фуцзянь,Гуандун",Чайна инжиниринг лтд.,202306140007
187,"Цзянсу,Су","ф,Гуандун энтерпрайз /. Ling Atomic Energy Ltd",20230216003
188,"Чжэцзян,Вэньчжоу",,202302160002
189,Шаньдун,Чайна Инжиниринг лимитед,20230210001
190,"Гуандун,Хиросимы",ЦК Гуаньчжоу,202211080004
191,Гуандун,,202305260002
192,Гуандун,Чайна Инжиниринг лимитед,20221116005
193,Гуандун,"ф,.,Чайна энжиниринг лимитед",20230510005
194,Пекин,Хинли инжиниринг инжиниринг,202304100004
195,"Шэньчжэнь,Гуандун",Чайна энтерпрайз,20230423002
196,Гуандун,".,Гуанчжоу энжиниринг лимитед,,",20230227001
197,"Гуандун,Красная река","Чайна Хинон инжиниринг лтд,GCT Красная цепь",202212120003
198,Гуандун,,20230330007
199,"Шаньдун,Ядерный остров",Чайна инжиниринг лтд,202304130003
200,"Гуандун,Янцзы",Чайна Хино,202301120004
201,"Чжэцзян,Вэньчжоу",Чайна Инжиниринг лимитед,20230216002
202,"Сычуань,Гуаньюань,Хинси,Шин",,202306020007
203,"район,Лоуп,Синьцзян-Уйгурский автоном,Тэгу",Уполномоченным фондом,20230705008
204,"Сычуань,Гуань,Гуанчжоу,Чжоучжоу",,202305160004
205,"Чунцин,округ,Чжунцине",Чжунцин,20230314009
206,"Гуанси,район Гуанси-Шань,Автономн,Хэбэй",Чайна Хиросима,202306080010
207,"Ляонин,Далянь,Вау",Ляонин. Atomic Energy Ltd,202307100010
208,Шаньдун,Чайна Хинон инжиниринг лтд,20230207005
209,Гуандун,"Инженер,Чайна Хинонжиниринг лимитед",202303310006
210,Шаньдун,"ед,Чайна Инжиниринг",20230316002
211,Шаньдун,"ф,Чайна энжиниринг лтд.",20230608001
212,Гуандун,Чайна Хинэ,20230526001
213,"Пекин,Тойота","Нимбо,Нинпо восток",20230105004
214,"Пекин,Пекине",Хинли инжиниринг,202304100011
215,"Сунь Юньна,Шин,Гуаньюань,Коидзун,Хинче,Сычуань,Хинпхендо",Чайна,202304240016
216,"Нинде,Фуцзянь,Фуку",Фуцзяньненде энтерпрайз лимитед,202304250008
217,Чжэцзян,Чайна Инжиниринг лимитед,20230523003
218,Гуандун,".,Чайна энжиниринг лимитед",20230217003
219,"Аньхой,Тяньаньмэнь",,202301050011
220,"Гуанъян,Ганьсу,Гуанцзяо,Кананг",,202302020003
221,"Немонгольский автономный район,Внутренняя Монголия,Корнея","Хинан ( Инк ) Коул,УНИТА",20221202005
222,"Хубэй,Чун,Хуанган",Компания Инк.,202303210006
223,"Юньнань,Цюй,Цзюй",Компания Чжоу,20221117003
224,"Айен,Немонгольский автономный округ,Ин Монголия,Хоулумбер","Уполномоченным фондом,«Айен Флаг",202307120010
225,"Корнея,Китай,УНИТА,Немонгольский автономный район,Внутренняя Монголия","Уполномоченным фондом,Новая энергетическая компания Corp.,УНИТА,.",202211140007
226,"Али,Ali,Тир,район,Тибете",Али,202301160008
227,"Корнея,Китай,УНИТА,Немонгольский автономный район,Внутренняя Монголия","Уполномоченным фондом,Новая энергетическая компания Corp.,.",202212080008
228,"Шэньчжэнь,Гуандун",Чайна Хинон,20230309003
229,"Гуандун,Янцзян",,202212020003
230,"Порт-оф-Спейне,Порт-оф-Си",Чайна Инжиниринг лимитед,20221019003
231,Гуандун,"источник,Хинонжиниринг лимитед,Austoms Architects",20221220003
232,"Цинхай,Деринха,Хайси-Монголия",Чайна-Хеллоу,20230420006
233,"Ядерном острове,Яблоке,Фуцзянь",Чайна Инжиниринг лимитед,20230310001
234,район Гуанси-Шанг,Чайна Инжиниринг лимитед,20221108003
235,"Пекин,Тойота",Уполномоченным фондом,202307003
236,Гуандун,Чайна инжиниринг лтд,202209160003
237,"Нинде,Фуцзянь,Ниндера",Fujinnder Electronics Ltd,20230626004
238,"Чжэцзян,Шаньдун",Чайна Инжиниринг лимитед,202307030009
239,"Яндон,Гуандун,Янцзы,Янцзян",,202212010006
240,"Пекин,Тойота",Уполн,20230710005
241,"Гуандун,Цзянмен/Тайшань","ф,Тайшань энтерпрайз,ТЭС III,Ташань,с",20230615005
242,Фуцзянь,Чайна Хинон инжиниринг лтд.,20230714001
243,Шаньдун,Чайна инжиниринг лтд,202303030001
244,Шаньдун,Чайна Хинэ,20230518001
245,"Шэньчжэнь,Гуандун",China Institute of Nuclear,202210170004
246,Гуандун,Чайна энжиниринг лимитед,202304210002
247,"Пхеньша,Гуанси-Шань,Хинсикал,Оливье,Хироси,Стохэ",".,,,Синьцзян энтерпрайз",20221027001
248,"Гуанси. Ltd,Порт-о-Пренсе,Порт-оф-Си",,20230504005
249,"Китае,Минамбуйи,Гуйтинг,Гуйчжоу,Гуанчжоу",,20230306007
250,"Гуандун,Янцзы","Хинан энтерпрайз,З",20221209001
251,Гуандун,,20230310002
252,"Гуандун/Янцзян,Янцзяне,Янцзы",,20230106002
253,"Синьцзян-Уйгурский автономный округ,Гимуна,район,Алтай",Синьцзян,202208230001
254,Шаньдун,Чайна инжиниринг лтд,20230330006
255,"Яндон,Китая,Гуандун,Янцзян",,202303010006
256,"Ляонин,Далянь,Вау",,202211210003
257,Шаньдун,Чайна Хинон инжиниринг лтд,202303310003
258,Шаньдун,Чайна Хинон инжиниринг лтд,20230104001
259,"Фуцзянь,Гуанси",Чайна Инжиниринг лимитед,202305120004
260,"Юньнань,округ Чусун",Компания Чусун,20230105005
261,"округ,Торри,Синьцзян-Уйгурский автоном,Та-Сити",Чайна Энергия,20220920001
262,"Сычуань,Гуаньюань,Шин",,202306020005
263,Шаньдун,Чайна Хинэ,20230104001
264,Гуандун,,202304130009
265,"Юньнань,Цусунь,Юньнане,Осаки",,202304260002
266,Шаньдун,Чайна Хинон инжиниринг лимитед,20230427006
267,"Аньхой,Тяньаньмэнь",Хиросиэнэ,20230529004
268,Цзяннань,Чайна Инжиниринг лимитед,202302130004
269,"Hyundong,Хэйлунцзян,Цзиньцзян,Цинго",Гон Лтд,20230328005
270,"Синьцзян,район,Синьцзян-Уйгурский автоном,Тэгу,Лоуп","самофинанс,Уполномочен,реализации проекта,фонд",202307060014
271,"Порт-о-де-Гонконг,BX",Hyundai Song Corporation,202301110010
272,"Пекин,Тойота",,20230614001
273,"ф,,,Корнея,.,Нижняя Монголия,Немонгольский автономный район,УНИТ,Коул",УНИТА,20230224004
274,"Бачжоу,Баян-Монгольский автоном,Синьцзян-цзян-Уйгурском,Синьцзян-Уйгурский автоном,Жуан,округ",China New Energy Trucks Ltd,20230706009
275,Шаньдун,Шэньчжэнь Синьцзян,20230324002
276,"Шэньчжэнь,Гуандун",Чайна Хинан,202305180008
277,"Ядерном острове,Шаньдун",Чайна Инжиниринг лимитед,20230511001
278,,"Институте ядерных исследований Китая и Китая,Чайна инжиниринг лтд,Институте ядерных исследований Гуанцзян",20230117009
279,Фуцзянь,Чайна инжиниринг лтд,20230625008
280,"Аньхой,Тяньаньмэнь,Хиросима",,202212130002
281,"Шэньчжэнь,Китая,Гуандун","инженерии,ф,подготовки по ядерн,Центр,ядерн,по подготовке кадров,инженер,И,Чайна энжиниринг лимитед",20221028002
282,"Шэньчжэнь,Гуандун","Чайна Хиросима,д",20221229001
283,Шэньчжэнь,China Institute of Nuclear,202306270006
284,Гуандун,Чайна Инжиниринг,20230508001
285,"Китае,Автономн,Китай,Лань Юнь,Гуансигилон,район Гуанси-Шань,Чинбэя",Компания Чинбэйз,20230227007
286,Гуандун,Чайна Хинэ,202304110004
287,"Фуцзянь,Гуандун","AD,BZ,Чайна Хинон инжиниринг лтд",202303280003
288,Шаньдун,Чайна инжиниринг лтд.,2023041300002
289,Гуанси-Шань,Хинонжиниринг лимитед,20220928005
290,Гуандун,"ф,Тайшань энтерпрайз",202211010001
291,"Гизилу,Джилин,Гранд-Ан,Белый город",Energy White City Ltd,202302280006
292,Китайская Народная Республика,,202304030006
293,"Цинхай,Деринха,Хайси-Монголия","Энергопроект,Чайна солнечная энергетика",202303010008
294,"Юньнань,Яньцзян-хани,Юйцзи",Янцзян Ветер энергетик лимитед,20230505002
295,"Хисаси,Гуанси-Шань,Хисато,Стоун",,20230216005
296,Шаньдун,Чайна Хинон инжиниринг лтд,20230128001
297,Гуандун,Чайна инжиниринг лимитед,202303090006
298,"Чунцин,Китай,Чунцине",Компания Чунцин,20230320002
299,"Баян-Монгольский автономный округ,округ,Синьцзян-Уйгурский автоном,Жуан,Синьцзян-2023",Си-Эн-Энтерпрайз,20230717003
300,"Ляонин,Далянь,Ляонин. Atomic Energy Ltd,Вау,Красная речка",,202303020004
301,"Пекин,Тойота",,20230713007
302,"Гизи,Гранд-Ан,Белый город,Джилин","Белая энергетика,СУГК",202305310006
303,Гуандун,Шэньчжэнь Шэньчжэнь,2022117001
304,"Гуйчжоу,Минамбуйи,Гуйтинг",Компания Чжоу ветряная энергетика,202306140012
305,"Шэньчжэнь,Гуандун",Институт ядерных исследований,20230309003
306,Гуандун,Чайна Хинси,20221205003
307,Чжэцзян,Чайна инжиниринг лимитед,20221280003
308,"Тайбэй,Шаньдун",Саенто,202304120004
309,"Фуцзянь,округ Энрики,Сэнди","Саут Энн , Инвест,Энергия форс,Инвест,Энси Лон,Саут Энфэн , Энтерпрайз",202210110006
310,Шаньдун,Чайна инжиниринг лтд.,20230619006
311,Гуандун,,20230407006
312,Гуандун,China Institute of Nuclear,202305150004
313,Шэньчжэнь,Чайна Хинан,20220926009
314,"район Гуанси-Маньчжур,Гуанси,Автономн,Чжунцзян",Компания Южные Ветроэнергетики,20230529006
315,"Синьцзяне,Лоупо,район,Тэгу,Лоуп,Синьцзян-Уйгурский",China Solar Energy Successing Ltd,202307050017
316,Фуцзянь,,202301160005
317,Фуцзянь,Чайна Хинон инжиниринг лтд,202306150002
318,Фуцзянь,Чайна Хинэ,20230615002
319,"Хубэй,Хань-Бэй,Хиросима",,202212120004
320,"Чжэцзян,Вэньчжоу",Чайна Хинси,20230718002
321,,"Lingdon Electronics Ltd,Джаба,Гранд-Айленд",202210240001
322,Фуцзянь,Чайна инжиниринг лтд,2023020004
323,Фуцзянь,Чайна Хинон инжиниринг лтд,202307130001
324,Шаньдун,Чайна Хинэ,20230206001
325,"Красная тропа,Ляонин,Далянь,Вау",Ltd,202303020011
326,Гуандун,Чайна Хинон инжиниринг лтд,202210280003
327,"Чжэцзян,Гуандун",Чайна Инжиниринг лимитед,20230420004
328,"Шэньчжэнь,Гуандун",Чайна энтерпрайз,20230315002
329,"Баян-Монгольский автономный округ,округ,Синьцзян-Уйгурский автоном,Жуан,Синьцзян-2023",,202307040025
330,Гуандун,"ед,Чайна Инжиниринг",20221109005
331,Чжэцзян,Чайна Хинси,2022128003
332,Гуандун,Чайна Инжиниринг лимитед,20220928001
333,"Уидон,Тайпин",Чайна инжиниринг лимитед,202301170010
334,"район Гуанси-Шань,Автономн",Чайна инжиниринг лтд.,20220928002
335,"Юньнань,Яньцзян-хани,Юйцзи",Чжунцзян энтерэн,20220927006
336,Гуандун,Чайна инжиниринг лтд,20230327003
337,"район Гуанси-Шань,Автономн",Чайна Хинэ,202211110001
338,Гуандун,Чайна инжиниринг лтд,202302210005
339,"Чжэцзян,Вэньчжоу",Чайна инжиниринг лтд,202304230008
340,Шаньдун,Чайна инжиниринг лтд.,20230720008
341,Шаньдун,Чайна инжиниринг лтд,20230619005
342,"округ,Синьцзян-Уйгурский автоном,Баян-Монгольский автономный округ,Каньон","Синьцзян-Уйгурского легиона,Синьцзян-Уйгурского корпуса",20230406003
343,Гуанси,Хинонжиниринг лимитед,202209220007
344,"Порт-оф-Спейн,Ва,Янцзян,Шэньчжэнь,Тайбэй,Нинде",«Синьцзян,20230630002
345,Шаньдун,Sandong Atom,20230410001
346,"Порт-о-де-Морт,район Гуанси-Шань,Автономн",Чайна Инжиниринг лимитед,202210240007
347,"Хучжоу-2,Гуандун",Ltd,202211220002
348,Шэньчжэнь,China Institute of Nuclear,202210310002
349,Шаньдун,Хинонжиниринг лимитед,20230116002
350,Гуандун,ИТ,202305230007
351,"Гуандун,Гуанчжоу,Хиросимы",,202212070001
352,Чжэцзян,Чайна инжиниринг лтд.,20230213002
353,"4 Пин,Сяо,Джилин",Лэндз,202301060006
354,"Нинде,Фуцзянь",Гуанчжоу инжиниринг лтд.,20230510002
355,"округ,Торри,Синьцзян-Уйгурский автоном,Та-Сити",,202212120001
356,"Ядерном острове,Шаньдун",Чайна Хинон инжиниринг лтд,202304120006
357,"Пекин,Тойота",,202307040016
358,Гуандун,Чайна Инжиниринг лимитед,
359,"Аньхой,Тяньаньмэнь",China New Energy Angeles Ltd.,20230608002
360,"округ,Порт-о-Пренсе,Гонконгский автоном",Гуанси Порт оф энтерпрайз,202304110005
361,Шаньдун,Хинонжиниринг лимитед,20230717001
362,"Шэньчжэнь,Гуандун",Чайна Хиросима инк.,20221017003
363,Гуанси,Чайна Хинон инжиниринг лтд,20220928002
364,"Корнея,Немонгольский автоном,УНИТА,район,Коул,Китая",,20221228002
365,"Хино,Гуандун,Хиросимы",,20230307005
366,Китая,Шэньчжэнь Шэньчжэнь Инжиниринг дизайн лтд,202210190006
367,"Джилин,Гранд-Ан,Белый город",Белая энергетика,20230110002
368,Китая,Чайна Хинон инжиниринг лимитед,20221109001
369,"Гуандун,Гуанчжоу,Хиросимы",. Atomic Engineering Ltd,20221207001
370,Гуандун,Хинонжиниринг лимитед,202301180001
371,"Пекин,Тойота",,202304060016
372,Гуандун,Чайна инжиниринг лтд.,20221125004
373,"Пекин,Тойота,Гуанчжоу",Dun State Company,20230524005
374,Шаньдун,Чайна инжиниринг лимитед,202303160015
375,"Чжэцзян,Шаньдун,Гуандун",Чайна инжиниринг лтд.,202306250007
376,Гуандун,,202304230004
377,"район Гуанси-Шанг,Центральн,Гуанси,Автономн,Лючжоу,часть Гуанси",Чайна Хиросима,20230608009
378,Шаньдун,Чайна Хинон инжиниринг лтд.,202304130005
379,Шаньдун,Чайна Хинон инжиниринг лтд,20230330008
380,"Гуандун,Янцзы",,202301120003
381,"Хэйэя,Хэйлунцзян",,20230606002
382,"Уидон,Уичжоу,Гуандун","ф,Гуанчжоу энтерпрайз лимитед,ГЯО",20220926003
383,Ляонин,,202306120003
384,Китайская Народная Республика,Чжэньчжэнь .,20230520002
385,"Порт-оф-Спейн,Гуанси,Гуанси-Шанг,Порт-оф-Си",,202304130001
386,"Пекин,Тойота",Ltd,202304060018
387,"Тайбэя,Шаньдун",,20221109002
388,"Ханнань,Запои,Хиросима,Наньцзяна",,20230428003
389,Шаньдун,Чайна Хинэ,202211160003
390,"Али,Ali,район,Тибете,Планд,Тибетский автоном",«Али»,20230207003
391,Гуйчжоу,Six Water Co.,202307060012
392,Гуандун,Чайна инжиниринг лимитед,20230530005
393,Шаньдун,Чайна Хинэ,20221010005
394,"Лахон,район,Жика,Тибетский автоном",. Solar Energy Ltd,20230117006
395,"Шэньчжэнь,Гуандун",Чайна атомная энергетика,20230515003
396,Шэньчжэнь,"Шэньчжэнь,Золотой источник",20230710007
397,"Хинсицина,Автономный район Гуанси-Шань,Чинбэя",China New Energy Company Ltd,20230215002
398,"Юньнань Юаньцзяйцзян,Юньнань,Яньцзян-хани,Юйцзи,Юнъю,провинци",Чжунцзян энтерн,202303010005
399,Гуандун,Хинонжиниринг лимитед,20230320001
400,Гуандун,Чайна Инжиниринг лимитед,20230520006
401,"Чжэцзян,Яндон,Гуандун,Янцзян",,202303150005
402,"Гуандун,Янцзы",Ltd,202211030003
403,"Тяньцзиньнин,Тяньцзинь,Нин",,202211230002
404,"Баян-Монгольский автономный округ,округ,Синьцзян-Уйгурском штате,Синьцзян-Уйгурский автоном,Жуан","органом,Уполномочен",20230703002
405,"Джилин,Гранд-Ан,Белый город",Energy White City Ltd,202302280007
406,"Пинъюн,Хироси Ленг,Гуанси-Шань,Стохэ,Янгоне",EPC,20230306009
407,Шаньдун,Чайна Хинон инжиниринг лтд,20230530003
408,"Хубэй,Тяньмен",China New Energy Lakes Ltd,20220929001
409,"Нинся,округ,Линву,Синьчуань",,20220929005
410,Чжэцзян,Чайна Хинси,202212010002
411,"Юньнань,Цюй,Цзюй",Компания Энергос,202301050006
412,Шаньдун,Чайна Инжиниринг лимитед,202304120001
413,"Восточная провинция,ф,Саутонг,,,Цзянсу,Синьцзян","Генер,Консалтинг,EPC,Синьцзян,.. Energy Ltd,Инвестерн,ЕПК",202211180004
414,Шаньдун,Чайна Хинон инжиниринг лтд,202306120001
415,"Фуцзянь,Гуандун",Чайна Инжиниринг лимитед,20230328001
416,Гуандун,"ед,Чайна Инжиниринг",202301110006
417,Шаньдун,Чайна энжиниринг лимитед,202301280001
418,"Шаньдун,Вайхай",,20230314008
419,"Гуйчжоу,Минамбуйи,Гуанчжоу,Гуйтинг",,20230306006
420,"Шэньчжэнь,Гуандун",China and China Nuclear Electronics,202304170003
421,"Корнея,Китай,Немонгольский автоном,район,Внутренняя Монголия","Уполномоченным фондом,Новая энергетическая компания Corp.,УНИТА,.",202212080007
422,Чжэцзян,Чайна Инжиниринг лимитед,202307110011
423,"Чжэцзян,Каньшань,Чжоу,Чжэцзян-Яньцзян",,20230406002
424,"Lяонин,Далянь,Ляонин",,20221207002
425,"Юньнань,Цюй,Цзюй",,20221208004
426,Фуцзянь,"ф,Чайна Хинонжиниринг лтд,Золотой источник",20230110003
427,Гуандун,Чайна инжиниринг лимитед,202305110002
428,Гуандун,Чайна Инжиниринг лимитед,20230529007
429,Шэньчжэнь,China Institute of Nuclear,20230207007
430,Гуандун,Чайна инжиниринг лтд,20230704007
431,Фуцзянь,Чайна Хинэ,20230607008
432,Шаньдун,Чайна Инжиниринг лимитед,202304120002
433,Гуандун,Чайна Хинси,20230118003
434,"Гуандун,Янцзы",Институте ядерных исследований,202209270005
435,"район Гуанси-Маньчжур,Гуанси,Автономн,Чжунцзян,Чжунцзяо,Гуанси-Си-Си-Си-Си-Си-Си-Си-Си-Си-Си-Си",Сент-Энтерпрайз,202305240014
436,Фуцзянь,"Чайна Хинон инжиниринг,д",20221130004
437,"Пекин,Тойота,Гуанчжоу",Dun State Company,202305240011
438,Шаньдун,Чайна Инжиниринг лимитед,202304120001
439,Фуцзянь,Чайна Инжиниринг,202303020010
440,"Шэньчжэнь,Гуандун",,20221216002
441,"Синьцзян-Уйгурского Синьцзянского Синьцзянского Синьцзянского Синьцзянского Синьцзяна,Баян-Монгольский автономный округ,округ,Синьцзян-Уйгурский автоном,Жуан,Барской области",,20230703005
442,"Китая,Гуандун",Ltd,202301130002
443,"Пекин,Тойота",,20230712008
444,"Чхун,Гуандун,Сухоу",Чайна энжиниринг лимитед,202303310007
445,"Пекин,Пекине",China Nuclear Systems Engineering Ltd.,20230410006
446,"Пекин,Тойота",,20230712007
447,"Жуан,округ,Синьцзян-Уйгурский автоном,Баян-Монгольский автономный округ",,202307130011
448,"Пекина,Пекине",Atomic Systems Engineering Ltd,20230628001
449,"Южном Китае,Тэоп,Тэгу,Лоуп,Синьцзян-Уйгурский",China Solar Successor,202306210002
450,Шаньдун,Чайна инжиниринг лтд,202303280008
451,Шаньдун,Чайна Хинонжиниринг лимитед,20230330005
452,"Гуандун,Янцзы",,202207110006
453,"Тайбэя,Шаньдун",Хинаси,202303010007
454,Гуандун,Чайна инжиниринг лтд.,20230428006
455,"Чжунцин,Каннинг,Хиннинг,Гуандун",,20230706004
456,Гуандун,Чайна Хинан,202212210004
457,Чжэцзян,Чайна Инжиниринг лимитед,202303150012
458,"Джилин,Гранд-Ан,Белый город",Белая энергетика,20230110003
459,"Гуандун,Тауне",Тайшань АЭС,202304260004
460,"Шэньчжэнь,район,Лонга,Гуандун",Чайна Хинка,2022092003
461,Фуцзянь,Чайна Инжиниринг лимитед,20230607007
462,Гуандун,Чайна Хинон инжиниринг лимитед,202307050019
463,"Хучжоу,Гуандун",Чайна Инжиниринг лимитед,20221213001
464,"Немонгольская автономная область,Аллагонский союз,Аллаго",Ин Монгольская новая энергетика,20230106004
465,"Сирингхот,Немонгольский автономный округ,Силинголерский союз","компания,Уполномочен,Силинхот.,фонд,тро",20230605006
466,"Шэньчжэнь,Гуандун","Н,Хигэн энтерпрайз",20230207006
467,"Немонгольская автономная область,Аллагонский союз,Аламе,Монголия","Аллаго,Уполномочен,фонд",20230519001
468,Шаньдун,Чайна Инжиниринг лимитед,20230118006
469,"Хэйэя,Хэйлунцзян","Уполн,Гранд-Лэндз лимитед,фонд",20230705002
470,"Ядерном острове,Гуандун",Чайна Инжиниринг лимитед,202304003
471,Гуандун,.. Лт,20230510001
472,Чжэцзян,Хинонжиниринг лимитед,20230116007
473,"Пекин,Тойота",,20230704009
474,,"AD,CS浙цзян,Чайна инжиниринг лтд,AD Гуандун,БЗ Фуцзянь,Z",20230720005
475,"Али,Ali,Тир,район,Тибете",Али,202301160009
476,Шаньдун,Чайна инжиниринг лтд,202211150004
477,"Фуцзянь,Гуандун",Чайна энжиниринг лимитед,20230403005
478,"Чжэцзян,Шаньдун,Гуандун",Чайна Хинси,20230720006
479,Гуандун,Чайна Хинон инжиниринг лимитед,20221024004
480,"Али,Ali,Тир,район,Тибете",Али,202301180009
481,Шаньдун,Чайна Инжиниринг лимитед,202306008
482,"Синьцзяне,Баян-Монгольский автономный округ,округ,Синьцзян-Уйгурский автоном,Жуан",Таймэнь таймс лимитед,202307060015
483,"Шэньчжэнь,Гуандун",China Institute of Nuclear,202303240004
484,"Деринха,Цинхай,провинци,Хайси-Монголия,Холодные озера,Китая",,2023032001
485,Шаньдун,Чайна Хинэ,202303280008
486,Чжэцзян,Шэньчжэнь .,20230227002
487,"Гуандун,Янцзы",".,Чайна энтерпрайз",202307030014
488,Шаньдун,Чайна инжиниринг лтд.,20220919002
489,"район Гуанси-Шань,Автономн","Чайна инжиниринг лтд,BT",202212020001
490,Гуандун,China Institute of Nuclear,202305230007
491,"Пекин,Тойота","Чайна энтропия .,ф",202211140002
492,"Сычуань,Гуаньюань,Шин",,20230510008
493,Гуандун,,202302160004
494,"Гуйчжоу,Минамбуйи,Гуанчжоу,Гуйтинг",,20230306004
495,"Юньнань,Цюй,Цзюй","Хинан,Юньнань династия",20230110005
496,"Китае,Северный Чин,Автономн,Гилоне,Гилонская,Северный Китай,район Гуанси-Шань,Чинбэя",Новая энергетическая компания Чинбэй,20230406001
497,"Гуандун,Янцзы",".,Чайна энтерпрайз",20221209002
498,"Пекин,Тойота,Hong Kong Hong Kong,Hong Kong, Hong Kong",Чайна,202303200014
499,Гуандун,Чайна Хинси,20230403008
500,"Уичжоу,Гуандун",,202307110001
501,"Фуцзянь,Архипелаг",Чайна инжиниринг лимитед,20230420007
502,Гуандун,Чайна инжиниринг лтд,20230309007
503,"Фуцзянь,район Гуанси-Шань,Автономн",Компания Чайна Инжиниринг лимитед,202301160004
504,Гуандун,Чайна Хинси,202303210005
505,"Гуандун,Янцзы","ф,Чайна атом энтерпрайз",202211030003
506,"Хэйлунцзян,Цзиньцзян,Hyong Kong,Цинго",China New Energy Co. Ltd,202303280005
507,"ф,,,Корнея,.,Нижняя Монголия,Немонгольский автономный район,Коул",УНИТА,202210310006
508,Шаньдун,,20230530006
509,"Гуандун,Янцзы","ф,Чайна энтерпрайз,,",20221209002
510,Шаньдун,,202304060004
511,"Хэйэя,Хэйлунцзян",,20230625002
512,Гуандун,Чайна Хинонжиниринг лимитед,20230316005
513,"Синьцзяне,Баян-Монгольский автономный округ,округ,Синьцзян-Уйгурский автоном,Жуан","Уполн,органом",20230703001
514,"Гуандун,Янцзы",,202210180005
515,Чжэцзян,Чайна Хинонжиниринг лимитед,20230605005
516,Фуцзянь,Чайна Инжиниринг лимитед,202303130003
517,Шаньдун,Чайна Инжиниринг лимитед,202303310002
518,Гуандун,,202303160006
519,"Ляонин,Далянь,Вау",,202211210002
520,"Цинхай,Деринха,Хайси-Монголия",Дилингха лтд,20221226004
521,Гуандун,"Чайна Хинси,Золотой источник",20230209001
522,"Большом заливе,Большой Азиатский залив,Шэньчжэнь","Гуандун энтерпрайз,ф",202303130004
523,Гуандун,Гуанчжоу энжиниринг лимитед,20230317003
524,"Фуцзянь,Гуандун",Чайна инжиниринг лимитед,202304030001
525,"Хэйлунцзян,Цзиньцзян,Цинго",Киото,20230509004
526,Фуцзянь,Хинонжиниринг лимитед,202306150008
527,"район Гуанси-Маньчжур,Хинси,Автономн,Чжунцзян",Компания Южные Ветроэнергетики,20230510007
528,Гуандун,"Хинонжиниринг лимитед,Золотой источник",20221108001
529,"Шэньчжэнь,Гуандун","Янцзян энтерпрайз лимитед,ф",20230515006
530,Шаньдун,Чайна инжиниринг лимитед,20230307002
531,Шаньдун,Чайна Хинон инжиниринг лтд,20230718004
532,Гуандун,Чайна Инжиниринг лимитед,20230607009
533,"район,Синьцзян-Уйгурский автоном,Тэгу,Лоуп,Тэоп-2#",Тюмшук лимитед,20230717005
534,Гуандун,Чайна Хинон инжиниринг лтд,20230320004
535,"Юньнань,Яньцзян-хани,Юйцзи",Чжунцзян энтерэн,20220927007
536,"ЭС Тайпин,Гуандун",Институт термотехники в Сучжоу,20221024005
537,"Гуандун,Тяньшань,Цзянмен","ф,Тайшань энтерпрайз,.",20230616002
538,"Яндон,Гуандун,Янцзян","операция,Янцзы,Jiangian",20221024003
539,"Яньцзян-Янцзяне,Яньцзяне,Янцзы,Гуандун",Jiangian,202306010003
540,"Фуцзянь,Шаньдун",Чайна Хинэ,20230220003
541,Гуанси,Чайна Хинэ,20220928003
542,Фуцзянь,Чайна инжиниринг лтд,20230310001
543,Пекин,Хинли инжиниринг инжиниринг,202304100002
544,"Китае,район Гуанси-Маньчжур,Гуанчжоу-Гуйгу,Автономн,Чжунцзян",,202305190019
545,Гуандун,,20230324003
546,"Пекин,Тойота","Новая энергетическая технология , Хэбэй,Хиросима,Синьхуа",20230406007
547,"Синьцзяне,район,Синьцзян-Уйгурский автоном,Тэгу,Лоуп",,202307040022
548,"Чжэцзян,Китае,Хайян,Кэррсинг",EPC,20221010006
549,"Пекин,Китая,Тойота","Энергоноэнергетическая компания,Энергонеэнергетика",202207250005
550,Гуандун,,202304130009
551,"Шэньчжэнь,Гуандун",IQ,202303030004
552,Шаньдун,Шэньчжэнь Чжэнь,20221129004
553,"Инцзян,Ханан,Цзиньян",Синьцзян лимитед,202208310005
554,"район,Лоуп,Синьцзян-Уйгурский,Тэгу",,20230703007
555,"Китае,Деринха,Цинхайо,Цинхай,Хайси-Монголия",Чайна-Хеллоу,202303160007
556,"Фуцзянь,Нин-де-Фоун",Фуцзяньнина. Ltd,202205170003
557,Фуцзянь,Чайна Хинэ,202305170001
558,"Чунцин,Китай,Синьцзян",Kong Ltd,20230221002
559,"Джилин,Гранд-Ан,Белый город",Белая энергетика,20230110004
560,"Пекин,Тойота",,202307130006
561,Шаньдун,Чайна инжиниринг лтд.,202303280007
562,"Гуанси-Синьцзян-Унь,Гуанси-Маньчжурский автоном,ение,Хочжоу,Чжуншань,Гуанси-Синьцзян-Уньцзяне,округ",Компания Чайно-Ядерные часы,20230628005
563,"Сесима,Шаньдун,Анчу,Тянь-Пин",,20230625004
564,"Бачжоу,Баян-Монгольский автономный округ,округ,Синьцзян-Уйгурский автоном,Жуан,Синьцзян-2023,Гоа-1#",Си-Эн-Энтерпрайз,20230717002
565,"Яньцзян,Янцзын,Янцзян,Янцзы,Гуандун",,20230119002
566,Гуандун,,202305190021
567,Порт-оф-Си,Чайна инжиниринг лимитед,202304230011
568,,Чайна Хинэ,20230329001
569,"Чхун,Гуандун,Сухоу",Чайна инжиниринг лтд,20230309006
570,"Пинъюн,Стохэ,Гуанси-Шань",Cloud,202303240001
571,"Тумушук,район,Синьцзян-Уйгурский автоном,Тэгу,Лоуп",,202307050011
572,Шаньдун,Чайна Хинэ,202303010002
573,"Гуйчжоу,Гуанчжоу,Минамбуйи",Centro Guangzhou,202306140011
574,"Яндон,Гуандун,Янцзы,Янцзян",Jiang Electronics Ltd,202212010006
575,Шаньдун,Компания Чайна Инжиниринг лимитед,20230308001
576,"Чхун,Суан,Хинтон,Гуандуне,Гуандун",Китая. Ltd,202306130003
577,"Хэйлунцзян,Цзиньцзян,Цинго",Киото,202307060010
578,"Нин,пут,Тяньцзинен,Тяньцзинь,ветер",Тяньцзиньнинг лтд.,202305310001
579,Фуцзянь,Чайна Хинэ,20230520003
580,Шаньдун,"Акусима,Чайна Инжиниринг лимитед",20230403003
581,"Шэньчжэнь,Гуандун","China Nuclear Electronics,China",20230506001
582,Шаньдун,Чайна Хинон инжиниринг лтд,202303310003
583,Фуцзянь,Чайна Инжиниринг,20230110004
584,Гуандун,,202304230004
585,Шаньдун,Чайна инжиниринг лимитед,20221229003
586,"Пекин,Тойота,Гуанчжоу",Dun State Company,20230524009
587,Пекин,Хинли инжиниринг инжиниринг,202304100003
588,"Юньнань,Чушон,округ Чусунь,Оваде",Компания Чусун,20221208005
589,Шанхай,"SEO,Хиросимы",20230427001
590,"Сычуань,Гуань,Чжоучжоу",Хунчэн,202305180004
591,"Восточная провинция,ф,Саутонг,э,Цзянсу,провинци,Ван Ага",,202211150006
592,"Фуцзянь,район Гуанси-Шань,Автономн",Чайна Инжиниринг лимитед,202301160004
593,"Шаньдун,Гуандун",Чайна Инжиниринг лимитед,202307140003
594,Гуанси,Чайна Хинон инжиниринг лтд,202210120002
595,Шаньдун,Чайна Хинэ,20221010004
596,"Шаньдун,Ядерный остров",Чайна Хинэ,202304130003
597,Шаньдун,Чайна Инжиниринг лимитед,202303160003
598,Фуцзянь,"China Nuclear Power Engineering Company Limited,Чайна Инжиниринг лимитед",20230427002
599,"Тайшань,Гуандун,Тайбэе","ф,Тайшань энтерпрайз",20220919008
600,"Ричуань,Цзянси,Чжоу","Наньчан,Хиросима,Синьхуа",202307060013
601,Гуандун,Чайна Инжиниринг лимитед,20230428001
602,"Белого города,Джилин,Белый город",Компания Ветро,202301050010
603,Фуцзянь,Чайна Хинэ,202306070008
604,Шаньдун,Чайна инжиниринг лтд.,202305110003
605,Чжэцзян,Чайна Инжиниринг,20221019001
606,"Баян-Монгольский автономный округ,Синьцзян,округ,Синьцзян-Уйгурский автоном,Жуан",,20230704003
607,Гуандун,Чайна Инжиниринг лимитед,202304140003
608,"Яньцзян,Гуандун,Янцзы",,202303150013
609,"Аньхой,Гуаняня,Тяньаньмэнь",Хинэ Энго Лтд.,202301050012
610,"район Гуанси-Шань,Автономн",Чайна Инжиниринг лимитед,20230106001
611,"Шэньчжэнь,Гуандун",Чайна атомная энергетика,202210120005
612,Шаньдун,Чайна Инжиниринг лимитед,202303310005
613,"Бачжоу,Баян-Монгольский автоном,Синьцзян-цзян-Уйгурском,Синьцзян-Уйгурский автоном,Жуан,округ",China New Energy Trucks Ltd,20230706008
614,Гуандун,Чайна Хинон инжиниринг лимитед,202306120005
615,"Баян-Монгольский автономный округ,Синьцзян,округ,Синьцзян-Уйгурский автоном,Жуан",Таймэнь таймс лимитед,202307060016
616,"Сунь Юньна,Шин,Гуаньюань,Коидзун,Хинче,Сычуань,Хинпхендо",Чайна,202304240017
617,"Чунцин,округ,Чжунцине",Чжунцин Хюнхен Лимитед,20230315006
618,Гуандун,Jiangian,202304130007
619,"Шэньчжэнь,Гуандун",Чайна Хинан,202305100014
620,"Гуандун,Янцзян","Янцзян энтерпрайз лимитед,ф",202210240006
621,"Хуаэн-ду-Си-Си,Шаньдун",Чайна Инжиниринг лимитед,20230427007
622,"Гуандун,ЭС Тэпин,ЭС Тайпин",Чайна инжиниринг лтд,20221109003
623,Гуандун,Чайна инжиниринг лтд.,20230529001
624,"Чжэцзян,Шаньдун,Саентун,Фуцзянь,Гуандун",Чайна Инжиниринг лимитед,20230707001
625,"Шаньдун,Вайхай",Чайна Хинон инжиниринг лтд,202306050003
626,Шэньчжэнь,China Institute of Nuclear,202301120001
627,Гуандун,Чайна Инжиниринг,20221020001
628,"Чжэцзян,Шаньдун,Гуандун",Чайна Хинэ,20230630004
629,"Чунцин,Чжэцзян-цзяне,Чжэцзян",China and China New Energy Jong Kong Ltd,20230109003
630,"Синьцзян,Синьцзян-Уйгурский автоном,Та-Сити,округ,Минь","China (Пекин) New Energy Technology Ltd,Синьцзян майиатас",20230607004
631,Ляонин,,202304240004
632,"Корнея,Китай,Немонгольский автоном,район,Внутренняя Монголия","Уполномоченным фондом,Новая энергетическая компания Corp.,УНИТА,.",202212080006
633,"Хубэй,Чун,Хуанган",,20230110001
634,"Пекин,Пекине",Хинли инжиниринг,202304100012
635,"Юньнань,Китай,Цюй,Цзюй","Новая энергетика Юньнань,Энергия ветра,Hong Konga New Energy,Синьхуа",20230630003
636,"Шэньчжэнь,Гуандун",,20221206002
637,Шаньдун,Чайна Инжиниринг лимитед,20230606005
638,Чжэцзян,Чайна Хинон инжиниринг лимитед,202301130001
639,"Шэньчжэнь,Гуандун","ф,Чайна энтерпрайз,,",20230705003
640,,Фуцзяньнинд,202201280003
641,"Китае,Гуйчжоу,Минамбуйи,Гуанчжоу",,20230710001
642,"Пинхуа,округ Нинсяя,Синьчуань,Автономн",,202304240003
643,Шаньдун,Чайна инжиниринг лимитед,202211160003
644,"Гуандуне,Гуандун",Чайна энжиниринг лимитед,202210280004
645,Гуандун,Чайна Хинон инжиниринг лимитед,20230118002
646,"Порт-о-Пренсе,Гуандун",Чайна Хинон инжиниринг лтд,2022122001
647,"Торри,Центральном Японском башне,Синьцзян-Уйгурский автоном,Та-Сити,округ",TORY,202212080011
648,"Синьцзян-Уйгурский автоном,Тауэр,Синьцзя,Та-Сити,округ",,20230105008
649,"Пекин,Тойота",Уполномоченным фонд,202307002
650,"Юньнань,Таити,Уаньин",Чайконин,202209280013
651,Гуанси-Шань,Чайна Инжиниринг лимитед,20221103002
652,"Су,АЭС Тайпин,Цзянсу,Гусу,Шэньчжэньчжэнь","ИТ,Радиационный мониторинг",202306020009
653,"Юньнань,чусу,Осаки",,20221220001
654,Шаньдун,Чайна Хинси,20230315003
655,"Гуандун,Янцзы","ф,Чайна энтерпрайз",202303210004
656,Фуцзянь,Чайна инжиниринг лтд.,20230517001
657,Гуандун,Чайна Инжиниринг лимитед,202304030004
658,"Деринха,Цинхайо,Китай,Цинхай,Хайси-Монголия",,20230320008
659,Гуандун,Чайна Хинонжиниринг лимитед,202211240002
660,"Хэйэя,Хэйлунцзян",,202303280006
661,Чжэцзян,Чайна инжиниринг лтд.,20221205004
662,,Чжэньчжэнь,20230406008
663,"район Гуанси-Шань,Автономн",Чайна Инжиниринг лимитед,202305230004
664,Шаньдун,Чайна Хинон инжиниринг лтд,202304060012
665,Шаньдун,Чайна Инжиниринг лимитед,20221010002
666,"Чжунцин,Каннинг,Гуандун 2,Гуандун",,20221223001
667,"Китае,Шаньдун",,202304060005
668,"Гуандун,Янцзы",Хинан энтерпрайз,202303150009
669,"Шэньчжэнь,Гуандун","ф,Чайна энтерпрайз",20230526003
670,"Пинъюн,Гуанси-Шань,Янго,Стохэ,Янгоне","«Энтерпрайз,EPC",202303060009
671,"Хунглингбуйи,Анхен,Китай,провинци,Гуйчжоу,Гуанчжоу,Гуанцзяне",Hong Kong Guangzhou Song Energy Ltd,202306140013
672,"Гуандун,Янцзы",China Institute of Nuclear,202211280001
673,"Хубэй,Хуанган,Ван Вэй,Чун,Хэбэй",,20230414002
674,"Гуандун,Янцзы",,202210180005
675,"заливе Гранд-Азия,Гранд-Азия,Шэньчжэнь,Большого Шэньчжэня,ЛингхА",,202210180002
676,Гуандун,Чайна инжиниринг лимитед,202306080013
677,"Чхун,Гуандун,Сухоу",Чайна инжиниринг лимитед,20230705007
678,"Юньнань,Чусун,Осаки",,2022127002
679,"Гуандун,Янцзы",Чжэнцзюйцзюй,20221130005
680,"Уидон,Уичжоу,Гуандун,Хиросимы",Гуанчжоу .,202210110005
681,"Фуцзянь,Шаньдун",Чайна Хинси,20230220003
682,"район,Лоуп,Синьцзян-Уйгурский,Тэгу",,202307050023
683,Гуандун,Чайна Инжиниринг лимитед,20230529007
684,"Хубэй,оз,Чун,Хуанган","China New Energy Corp,Ван Вэй",20221215001
685,,Чайна Инжиниринг лимитед,20230320002
686,Гуандун,Чайна инжиниринг лтд,20230414001
687,"Порт-Кусигу,район Гуанси-Маньчжур,Автономн,Саут-Мук,Китай,Чжунцзян,Гуанчжоу,Порт-Кусигуй",Сент-Энтерпрайз,20221028001
688,Гуандун,Чайна Инжиниринг лимитед,2023040002
689,"Хуб,Чун,Хуанган,Хубэй",Компания Инк.,20230419006
690,"Гуйчжоу,Минамбуйи,Гуанчжоу,Гуйтинг",Уполномоченным фонд,20230522005
691,Гуандун,Шэньчжэнь Синьцзян,202211170001
692,"Чунцин,округ,Чунцине",Kong Ltd,202303140016
693,"Уидон,Уичжоу,Гуандун","ф,.,Гуанчжоу. Ltd,АТЦПТ",202204240004
694,Гуандун,Чайна Хинон инжиниринг лтд,20230321005
695,"Чжэцзян,Вэньчжоу","ф,Чжуннань энтерпрайз",202301170011
696,Шаньдун,"ед,Чайна Инжиниринг",20230419004
697,"Шэньчжэнь,Гуандун",China Institute of Nuclear,202304270011
698,Гуанси,Чайна Хинон инжиниринг лтд.,20221116001
699,"Чжэцзян,Гуандун",Чайна инжиниринг лтд,20230240007
700,"Шэньчжэнь,Гуандун",Чайна атомная энергетика,202211230005
701,"ф,Аньхойя,Аньхой,провинци,в,Восточная область,Сяньян",Хиньян,2022122002
702,"Уидон,Уичжоу,Гуандун,Гуанчжоу",,20220819001
703,Гуандун,Чайна инжиниринг лтд,20230719002
704,"Хучжоу-2,Гуандун",,202209270004
705,"Ляонин,Валье",,20230309004
706,Шаньдун,Чайна Хинси,20230718003
707,"Джилин,Белый город",. Energy White City Ltd,20221117006
708,Шаньдун,Чайна Хинэ,202306270011
709,"Чжэцзян,Шаньдун",Чайна Инжиниринг лимитед,202307030008
710,Гуанси,Чайна инжиниринг лтд.,20221107004
711,Чунцин,Чжунцин .,20230309002
712,"Шэньчжэнь,Гуандун",China Electronics Operations Ltd,202303240008
713,"Восточная провинция,ф,Цзянсу,провинци,Саутонг,",. Energy Ltd,20230605002
714,Гуандун,Чайна Инжиниринг лимитед,20221110003
715,"Цинхай,Казахстане,Деринха,Хайси-Монголия",Дилингха лтд,202211140004
716,Шаньдун,Чайна Хинон инжиниринг лтд,2023024001
717,"Хэйлунцзян,Цзиньцзян,Цинго",Синокао,202304280004
718,Гуандуне,Чайна Инжиниринг лимитед,202211180002
719,Гуандун,Чайна инжиниринг лтд.,202304270012
720,Гуандун,Чайна Хинэ,20230520006
721,"Чжэцзян,Шаньдун",Чайна Инжиниринг лимитед,20230327001
722,"Джилин,Гранд-Ан,Белый город","Дань,EPC,ЕПК",20230605007
723,"Юньнань,Цюй,Цзюй","Hong Kong Guangzing,Чайна Хинан",202209280011
724,"Хэйлунцзян,Цзиньцзян,Цинго","фондом,Уполномочен,Гон Лтд",20230705001
725,"Гуандун,Гуанчжоу,Хиросимы","ограничен,ядерн,инженери",20230214003
726,Гуандун,Чайна Хинси,202306070010
727,"Южно-Китайском порту Гуанчжоу,район Гуанси-Маньчжур,Гуанси,Автономн,Чжунцзян,Хинси,Гуандун","Уполномочен,фонд",20230519002
728,Гуандун,"ф,Чайна энжиниринг лимитед",20230526002
729,Шаньдун,Чайна Инжиниринг лимитед,202306270011
730,"Сычуань,Гуаньюань,Шин",Синьцзян,202306020004
731,Шаньдун,Чайна Хинэ,20230606004
732,Шаньдун,Чайна инжиниринг лтд.,20230403002
733,"Пекин,Тойота",,202307040010
734,Гуандун,ИТ,202305230007
735,"Хэйэя,Хэйлунцзян",,20230504006
736,"Юньнань,Юньнане,Чусун,Осаки",,20230426006
737,Гуандун,Чайна Хинси,202303270004
738,Шаньдун,Чайна Хинэ,202304030003
739,"Яблоке,Гуанси",Чайна Хинэ,20220928004
740,Шаньдун,"ед,Чайна Инжиниринг",202302160006
741,Гуандун,"ф,Тайшань энтерпрайз",202211010001
742,Гуандун,"China Nuclear Power Engineering Company Limited,Чайна Инжиниринг лимитед",202304270003
743,Гуандун,Чайна Инжиниринг,20230213001
744,"Фуцзянь,Шаньдун",Чайна Хинон инжиниринг лтд.,20230220001
745,"Чунцин,Китае,Канбэй,Китая",,20230717006
746,"округ,Торри,Синьцзян-Уйгурский автоном,Та-Сити",,202212120002
747,Чжэцзян,Чайна инжиниринг лимитед,20220905001
748,"Шэньчжэнь,Гуандун",Чайна Хиросима инк.,202209060006
749,Шаньдун,Чайна Хинон инжиниринг лтд,20230328004
750,"Цинхай,Деринха,Хайси-Монголия",ЭПК,20221107002
751,"Чжоу,Цюси,Цяо",Hong Kong Song Energy Ltd,202302020004
752,"Аньхой,Тяньаньмэнь",Си-эн-Энго лимит,20221008003
753,"Баян-Монгольский автоном,Китай,Синьцзян,округ,Синьцзян-Уйгурский автоном,Синьцзян-Синьцзян-цзян-Уйгур,Жуан",China New Energy Trucks Ltd,202306210003
754,"Чжэцзян,Гуандун",Чайна энжиниринг лимитед,20230216001
755,Шаньдун,Чайна инжиниринг лтд.,202303140002
756,"район,Лоуп,Синьцзян-Уйгурский автоном,Тэгу",юм,20230717004
757,"Шэньчжэнь,Гуандун",Чайна Хинан,202301120001
758,"Цинхай,Деринха,Хайси-Монголия",Дилингха лтд,20221226005
759,"Хамми,округ,Синьцзян-Уйгурский автоном,Синьцзян-Синьцзян-Уйгурский",Чайна хами,20230607003
760,Шэньчжэнь,Чайна Хинан,202212050002
761,"Хокинг,Юйлин,Гуанси-Шанг,Гуанси-Хиндз","ф,Чайна энтропия",20230320004
762,"Жуан,округ,Синьцзян-Уйгурский автоном,Баян-Монгольский автономный округ",,202307130010
763,Фуцзянь,Чайна Хинэ,202306280003
764,"Гуандун,Янцзы",Чайна инжиниринг лтд.,202209280006
765,"Шэньчжэнь,Большом заливе,Гуандун",Гуандун АЭС лтд,2023052001
766,Шаньдун,Чайна Хинэ,202212140002
767,"Шэньчжэнь,Гуандун","AB,Shanghai Green Food Management Ltd",20230228003
768,Гуандун,Чайна Хинонжиниринг лимитед,202303010003
769,"Сегун,Западно-индустриальный парк,Сычуань,Чжоучжоу",,20230419003
770,"Пекин,Пекине",China Nuclear Systems Engineering Ltd.,20230410005
771,"Китай,Яньцзине,Нова,Ензин,Ханан,Нью-Йорк",Dun State Company,20230509002
772,"Чхун,Гуандун,Сухоу",Чайна инжиниринг лтд,20230309007
773,"Хэйлунцзян,Цзиньцзян,Цинго",Синокао,20230428005
774,Шаньдун,Чайна Инжиниринг лимитед,20230419004
775,Шаньдун,Чайна Хинси,20230718005
776,"Чжэцзян,Шаньдун,Чжэцзяне,Шаньдуне,Гуандуне,Гуандун",Чайна Инжиниринг лимитед,202306140014
777,"Кэнси,Цяо,Цюси,Цюсиань",,20230605001
778,"Гуандун,Янцзы",Янцзян энтерпрайз,2022101100010
779,"Нинде,Фуцзянь,Фуцзяньнина",,20230520007
780,Шаньдун,Чайна Инжиниринг лимитед,202303140008
781,Шаньдун,Саенто,202307110010
782,"Шанхайском храме имени Хан Цзиньцзяна,Монголию,Немонгольский автономный округ,Хан Цзинь Флаг,Ордос",,2023050004
783,,Фуцзяньнинд,202201280003
784,"Хубэй,Хуанган,Тайбэй,Чун,Китая",China New Energy Corp,20230110007
785,Китайская Народная Республика,,202304030006
786,"Лу Лян,Шаньси",Чайна Хиросима,20230510013
787,Гуандун,Чайна Инжиниринг лимитед,202211230001
788,"Шэньчжэнь,Гуандун",Чайна Хинан,20230629007
789,"Хэйэя,Хэйлунцзян",,20230606001
790,Шаньдун,Чайна Хинон инжиниринг лимитед,20230316003
791,Шаньдун,Чайна Инжиниринг лимитед,20230519003
792,"Алсан,Немонгольский автоном,район,Алшань","Шэньчжэнь ..,УНИТА",20230706005
793,"Шатине,Гуандун,Шардже",Чайна-Шатин,202211230004
794,Гуандун,Чайна Хинэ,20230628003
795,Шаньдун,Чайна Инжиниринг лимитед,20230221001
796,Шэньчжэнь,Чайна Хирос,202304240018
797,Шаньдун,Чайна Хинэ,202303310004
798,"Ядерном острове,Шаньдун",Чайна Хинси,20230718007
799,Шаньдун,Чайна Хинси,202304130004
800,Шаньдун,Чайна Инжиниринг лимитед,20221214002
801,Шаньдун,Чайна инжиниринг лтд,20230419005
802,"Шэньчжэнь,Гуандун",Чайна Хиросима инк.,202209270003
803,"Лонгша,Хунань",,20221214001
804,"Пекин,Пекин). Techniques Ltd,Тойота",,202210180004
805,Шаньдун,"Энергос,Хинан",20230606009
806,"Гуандун,Янцзы",,202211170002
807,Гуандун,,20230327005
808,"Синьцзяне,Бачжоу,Баян-Монгольский автономный округ,округ,Синьцзян-Уйгурский автоном,Жуан",China New Energy Sound,202307040017
809,"Уидон,Гуандун",Чайна Хинонжиниринг лимитед,20221107003
810,Фуцзянь,Чайна Инжиниринг,20230207008
811,"Чжэцзян,Фуцзянь",Чайна Хинон инжиниринг лимитед,202307130014
812,"Гуандун,Янцзы",China Institute of Nuclear,202210110009
813,"Каун,округ,Синьцзян-Уйгурский автоном,Баян-Монгольский автономный округ","Си-Эн-Энтерпрайз,Синьцзян-Уйгурского легиона,Синьцзян-Уйгурского полка",20220930004
814,Гуандун,"Тайшань энтерпрайз,Ф",202305240018
815,Шаньдун,Чайна Инжиниринг лимитед,20230619007
816,"Цинхай,Деринха,Хайси-Монголия",,20230301008
817,Шаньдун,Чайна Хинон инжиниринг лтд,20230220008
818,"Корнея,Немонгольский автоном,УНИТА,район,Коул,Китая",Новых энергетик,20221228001
819,Гуанси,Чайна Хинэ,20221129001
820,"Пекин,Тойота,Гуанчжоу",Dun State Company,202305240008
821,Шаньдун,Sandong Atoms Co. Ltd,202304110002
822,Шэньчжэнь,,20221205002
823,Шаньдун,Чайна Инжиниринг лимитед,202306150011
824,Шаньдун,Чайна Хинэ,20230427005
825,Гуандун,Чайна Хинси,20230214002
826,Гуандун,,202303200012
827,Шаньдун,Чайна Инжиниринг лимитед,20230704001
828,"Пекин,Тойота",,202307040012
829,"Синьцзяне,район,Синьцзян-Уйгурский автоном,Тэгу,Лоуп",China Solar Energy Successing Ltd,202307040019
830,"Китае,Шин,Суйюнь,Гуаньюань,Сычуань",Чайна,202306020006
831,Гуандун,"источник,Чайна Хинси",20230118003
832,Шэньчжэнь,China Institute of Nuclear,202306260003
833,"Шэньчжэнь,Гуандун",China Institute of Nuclear,20230224002
834,Гуандун,Чайна инжиниринг лтд,20230607006
835,Гуандун,Чайна инжиниринг лтд,20221110005
836,"Чжэцзян,Вэньчжоу",Гуань Юань эн энтерпрайз,202301170011
837,Гуандун,Чайна Хинон инжиниринг лимитед,20230613005
838,Шаньдун,Чайна Хинон инжиниринг лтд,20230118004
839,Шаньдун,Чайна Хинон инжиниринг лтд.,2023024006
840,Шаньдун,Чайна инжиниринг лтд.,202303310002
841,"Юньнань,Цюй,Цзюй",Компания Энергия ветра .,20221129003
842,"Большом заливе,Большой Азиатский залив,Шэньчжэнь","Лтд,Линг Австралия,Компания Линтон энтерпрайз,Гуандун энтерпрайз лтд.",20221017002
843,"4 Пин,Сяо,Джилин",,20230320003
844,Шаньдун,Чайна Инжиниринг лимитед,2023027004
845,"Шаньдун,Шаньдуне",,202306010001
846,"Ляонин,Далянь,Вау",Ляонин,202208180001
847,Фуцзянь,Гуанчжоу энжиниринг лимитед,20230119004
848,"Ганьсу,Венте","Инсейн,тик",20221115005
849,Чжэцзян,Чайна Инжиниринг лимитед,20230605005
850,"Чхун,Гуандун,Суан",Чайна Хинон инжиниринг лтд.,202303240006
851,"Шэньчжэнь,Гуандун","Северной фабрике,China Institute of Nuclear",202303160012
852,"Китае,Мишань,Хэйлунцзян,Цюси,Пекин",Инжиниринг,20221115001
853,Шаньдун,Чайна Инжиниринг лимитед,20230621001
854,Фуцзянь,Чайна Инжиниринг лимитед,202306140005
855,Гуандун,"Чайна Хинси,Золотой источник",20221010001
856,"Цинхай,Деринха,Хайси-Монголия,Цинхайо",,20230320009
857,"Кюсю,Гуандун",Чайна Инжиниринг лимитед,202306060010
858,Фуцзянь,Чайна Инжиниринг лимитед,20230523002
859,"ф,,,Пекин Сия восток,Хайнань,Пекин","Урановая компания,Уран",20230419002
860,Гуандун,Чайна Инжиниринг лимитед,20230605008
861,Гуандун,Чайна Хинси,202306250007
862,"Чжэцзян,Джиан,Китай,Гива,Цзянси,Чжэцзян-цзяне",,202307050020
863,"Синьцзян-Синьцзян,Баян-Монгольский автономный округ,Синьцзян-Уйгурский автономный округ,Китая,Жуан,Барской области",,202307030004
864,Шаньдун,,20230620001
865,"Юньнань,Мяо,Массачусетс",,20230613002
866,Чжэцзян,Чайна Инжиниринг лимитед,20221125005
867,"Синьцзян-Уйгурском Синьцзяне,Синьцзяне,Синьцзян-Уйгур,район,Синьцзян-Уйгурский автоном,Тэгу,Лоуп",Тумушук лимитед,202307050018
868,Гуандун,Чайна Хинон инжиниринг лтд,20230320001
869,"Хэйэя,Хэйлунцзян",,20230504007
870,"Хэйлунцзян,Цзиньцзян,Цинго",Киото,2023030008
871,"Южно-Китайском порту Гуанчжоу,Чжунцзян,Автономный район Гуанси-Маньчжур,Гуанси-Хиллз","Уполномочен,фонд",202305310009
872,"Южно-Китайском заливе,Сяньян,Хунань,Чжоучжоу",,20221027005
873,Шаньдун,Хинонжиниринг лимитед,20230625005
874,"Хубэй,Хисаси,Ичан,Цзян",EPC,20230509005
875,"Новом Синьцзяне,Хиросимы,Ензин,Ханан,Нью-Йорк",Dun State Company,202305100012
876,Фуцзянь,Чайна Инжиниринг лимитед,20230314007
877,Гуандун,Гуанчжоу энжиниринг лимитед,20230317002
878,Гуандун,Чайна Хинэ,20230316004
879,"район Гуанси-Шань,Автономн",Чайна Хинон инжиниринг лтд,202210160001
880,"Бачжоу,Баян-Монгольский автоном,Синьцзян-цзян-Уйгурском,Синьцзян-Уйгурский автоном,Жуан,округ",China New Energy Trucks Ltd,20230706006
881,Гуандун,Чайна Инжиниринг лимитед,20230208003
882,"Кюсю,Уэйд,Гуандун",,2022111160006
883,"Цзянсу,Су","ф,.,,,Сучжоу энтузиатр индастриз",20221207003
884,"Сычуань,Гуаньюань,Шин",Чайна ривер,202305003
885,"Китае,Корнея,Немонгольский автоном,УНИТА,район,Внутренняя Монголия,КНР","УНИТА,компания Коул",202304110006
886,"Пекин,Тойота",У,20230712005
887,Шэньчжэнь,Шэньчжэнь Шэньчжэнь,20230710007
888,"Шэньчжэнь,Гуандуна,Гуандун",,202211250002
889,Фуцзянь,Чайна Хинэ,20230515005
890,"Нижний гормон,Немонгольский автономный округ,Монголии,Уланчаб,Флаг Онкот,Чин",,20230626001
891,"Фуцзянь,округ Энрики,Сэнди","Саут Энфэн,Энергос , Энси Лун,Энси",202210110006
892,ун,Чайна Инжиниринг лимитед,20230420002
893,Гуандун,Хинонжиниринг лимитед,202211240003
894,Шаньдун,Чайна Инжиниринг лимитед,202304120002
895,"Гуандун,Янцзы",,202210110010
896,Порт-оф-Си,,20221019002
897,Гонконгский автономный округ,Чайна энжиниринг лимитед,202211150003
898,"Шэньчжэнь,Большом заливе,АЭС Большая Азия,Гуандун","ф,Линг ХА,Хинтон джекл компани лимитед,.",20230105002
899,Гуандун,Чайна инжиниринг лтд.,202209190004
900,"Порт-о-де-Гонконг,Гуанси",,20230110010
901,Шаньдун,Чайна Инжиниринг лимитед,20230413005
902,"Пекин,Пекине",",,ф,Чайна энтерпрайз,«Уран",20221228008
903,"Джилин,Гранд-Ан,Белый город",Белая энергетика,202303140013
904,Шаньдун,Чайна Хинэ,202211160004
905,"Хучжоу-2,Гуандун",,20220927004
906,"Гуанси-Шань,Гуанси",Чайна Инжиниринг лимитед,20220928005
907,"Шэньчжэнь,Гуандун",China Institute of Nuclear,202305180006
908,"Шаньдун,дерном остров",Чайна Хинэ,20230329006
909,"Гуандун,Земля",Чайна инжиниринг лтд.,202304130008
910,"Хэйэя,Хэйлунцзян",,20230303007
911,"Гуандун,Янцзы,Яцзяне",,202301060002
912,Чжэцзян,Чайна Хинэ,20230306008
913,"Тайбэя,Шаньдун",«Синьцзян Энергос,202211170007
914,"Ядерном острове,Шаньдун",Чайна Инжиниринг лимитед,20230329007
915,Гуандун,Чжэньчжэнь,202211240004
916,"Чунцин,округ,Чжунцине,Чжунци",Чунцин,20230320005
917,"Хунглингбуйи,Анхен,Китай,провинци,Гуйчжоу,Гуанчжоу,Гуанцзяне",Guangzing New Energy Ltd,20230223001
918,"Пекин,Тойота",,20230710004
919,Китая,Шэньчжэнь Шэньчжэнь,20221019006
920,Шаньдун,Чайна Инжиниринг лимитед,202306130004
921,"Чжэцзян,Вэньчжоу",Чайна Хинси,20230117001
922,"Кюсю,Гуандун",,202212080012
923,Гуандун,"ед,Чайна Инжиниринг",202211110004
924,,Чайна Хинси,20230615001
925,Чжэцзян,"ед,Чайна Инжиниринг",20230615003
926,"Пекин,Хинань,Тойота",Dun State Company,202305240003
927,Чунцин,,20230309002
928,Гуандун,Чайна Хинси,20221028004
929,"Фуцзянь,Энрики,Сэнди","Компания Ветроэнергетика .,.",20221009001
930,"Гуандун,Янцзы",China Institute of Nuclear,202301120004
931,Гуандун,Чайна Хинон инжиниринг лимитед,202302170002
932,"Чжэцзян,Ваннань,Чжэцзяне",Гуаньчжоу инжиниринг лтд.,20230705004
933,"Шэньчжэнь,Большом заливе,Большая Азия,Гуандун",,20230220004
934,"Чжунцин,Каннинг,Гуандуна,Гуандун",Уполномоченным фондом,202305310002
935,"Шаньдун,Вайхай",Чайна инжиниринг лтд,20220920005
936,Шаньдун,Чайна Инжиниринг лимитед,20230208001
937,Фуцзянь,Чайна Хинси,20230227003
938,"Гуандун,Янцзян",Институте ядерной энергетики Китая,202209220003
939,"Синьцзян,район,Синьцзян-Уйгурский автоном,Тэгу,Лоуп",,20230704005
940,"храм,Шанхай,Немонгольский автономный округ,Хан Цзиньцзяне,Хан Цзинь Флаг,Ордос,Монголия",Внутренняя Монголия,20230505004
941,"Шаньдун,Хуань-ду-Сент-Си-Айленд",Чайна Инжиниринг лимитед,20230427008
942,"Гуандун,Янцзы",Jiangian,20221018005
943,Шаньдун,Чайна Инжиниринг лимитед,202307180006
944,Гуандун,Чайна Хинон инжиниринг лимитед,20221125003
945,Гуанси,Чайна Хинон инжиниринг лтд,20221012002
946,"Пекин,Китай,Тойота,Гуанчжоу",Dun State Company,202305240004
947,"Чжэцзян,Фуцзянь,Китайской Народной Республики,Гуандун","НУЯБ,cgnpc,cn,ECP,по ядерной безопасности,управление,Государственн",202306270001
948,"Корнея,Немонгольский автоном,УНИТА,район,Китая",,202209190009
949,"Пекин,Пекине",China Nuclear Systems Engineering Ltd.,20230410009
950,"Цяо,Цюси",Энергос,20230220005
951,Гуандун,Чайна Хинси,20221025001
952,Шаньдун,Чайна Хинэ,20221018007
953,"Фуцзянь,Шаньдун",Чайна Хинэ,20230220001
954,Гуандун,Хинонжиниринг лимитед,20221116002
955,Шаньдун,Чайна Хинэ,202304060009
956,"Ляонин,Красной Побережье",Ляонин. Ltd,20230619002
957,"Тауэр,округ,Синьцзян-Уйгурский автоном,Та-Сити",Торри,202212010004
958,"Джилин,Белый город,Гранд-Ан,Джилинда Анджези",Energy White City Ltd,202304240013
959,Шаньдун,Чайна Инжиниринг лимитед,202303310004
960,"Уидон,Уичжоу,Гуандун,Тэпине",,202210260004
961,Шаньдун,Чайна Инжиниринг лимитед,20230215001
962,"район Гуанси-Маньчжур,Гуанси,Автономн,Чжунцзян",Саут Ветер,20230518003
963,Фуцзянь,"Чайна Хинси,SBO",20230613001
964,"Цинхай,Деринха,Хайси-Монголия",Чайна-Хеллоу,202303140004
965,Гуандун,Чайна Инжиниринг лимитед,20230417001
966,Ляонин,,202304240004
967,"Шэньчжэнь,Гуандун","ф,Гуандун энтерпрайз лимитед,Лэнк . Электроэнтерпрайз лимитед,Линтон энтерпрайз",202303150008
968,Шаньдун,Чайна Хинон инжиниринг лтд,20230711002
969,"Бачжоу,Синьцзян-Синьцзян-Синьцзян-Уцзян-Уйгурский,Синьцзян-Синьцзян-цзян-Уйгурский,Баян-Монгольский автономный округ,Синьцзян-Уйгурский автоном,Жуан,округ",,202307110006
970,"Юньнань,Цюй,Цзюй",,20221208002
971,"Жуан,округ,Синьцзян-Уйгурский автоном,Баян-Монгольский автономный округ",Компания Таймэнь таймс лимитед,20230717009
972,"Пекин,Тойота",,202307130009
973,"Нинде,Фуцзянь","JH,Fujinnder",202210210002
974,Гуандун,Чайна инжиниринг лтд,20230310003
975,Шэньчжэнь,Чайна Хинан,202210310002
976,"B,Анго","Компания Энгойз лимитед,Хинго",202307050012
977,"Центре Светлый Восток,ф,Восточном центре",Хиросиэн энтерпрайз,202212010001
978,"округ Янцзы,район Гуанси-Шань,Автономн,Наньнин","Хинси,Чайно-китайская горная энергетика",202301170012
979,Гуандун,Чайна Хинонжиниринг лимитед,202304130011
980,Гуандун,Чайна инжиниринг лтд.,20230307001
981,Шэньчжэнь,China Institute of Nuclear,20230207007
982,"Шэньчжэнь,Гуандун,Шэньчжэньчжэнь",Хиросимы,20230324005
983,"Чжэцзян,Фуцзянь,Шаньдун,Гуандун",Чайна Инжиниринг лимитед,202307120002
984,"Корнея,Китай,Немонгольский автоном,район,Внутренняя Монголия","Уполномоченным фондом,Новая энергетическая компания Corp.,УНИТА,.",202212080009
985,"Шэньчжэнь,Гуандун",".,Чайна энтерпрайз,,",202305150003
986,Шэньчжэнь,Гуандун,202303150014
987,Фуцзянь,Чайна Инжиниринг лимитед,20230424002
988,Фуцзянь,Чайна Инжиниринг лимитед,202305230005
989,"Винчан,Хайнань","компания,Нова",20221020004
990,Шаньдун,,20221117007
991,"Юньнань,Б,Цюй,Запад,Цзюй","Чжоу Гуанчэн,Hong Kong Huawei",202209280012
992,Шаньдун,Хинонжиниринг лимитед,202307120003
993,"Секции,Корнея,Немонгольский автоном,УНИТА,район","Синьхуа ( Энергия,Коул",202208170001
994,Порт Гуанси,"ед,Чайна Инжиниринг",20221101005
995,"АЭС Тайпинс,Уичжоу",Чайна инжиниринг лтд.,20221109004
996,"Ляонин,Далянь,Красная река,Вау",Ляонин,20230302005
997,"Шаньдун,Вайхай",Чайна Инжиниринг лимитед,202211030001
998,"Гуанчжоу,Хиросимы,Уичжоу,Хоучжоу,Уидон,Гуандун",,20221115008
999,"Ляонин,Валье",Ривер электрик лимитед,20230309005
1000,"Цинхай,Деринха,Хайси-Монголия,Цинхайо",,202303200010
1001,"Гуандун,Янцзы","Институте ядерных исследований Китая и Китая,Институте ядерных исследований Гуанцзян-цзян",202301170009
1002,Гуандун,Чайна инжиниринг лтд,202306010005
1003,"Hong Kong Jiangang,Гуандун",Чайна инжиниринг лтд.,20230119001
1004,Гуандун,,202212080003
1005,"Цзянмен,Китай,Китая,Гуандун,Тайшан",Тайшань Ветер энергетик,20230620003
1006,"Ядерном острове,Шаньдун",Чайна Хинси,20230605004
1007,Фуцзянь,Чайна инжиниринг лтд,20230614005
1008,"Пекин,Тойота",,20230712006
1009,"район Гуанси-Шань,Автономн",Чайна Хинон инжиниринг лтд.,202211080003
1010,"Тайшань,Гуандун,Цзянмен,дороги,Юго-Западной коль",комбинат,20230208002
1011,Шаньдун,Чайна Хинси,202211140008
1012,"ф,Чунлин,Гуанси,.,Восточная часть Гуанси,Автономный район Гуанси-Маньчжур",Чайна Хиросима,202306080011
1013,Шаньдун,Чайна Инжиниринг лимитед,20221026005
1014,"Китае,Туран,Цинхай,Большой Сочи,Хайси-Монголия",,20220926002
1015,"район Гуанси-Маньчжур,Гуанси,Автономн,Чжунцзян",Сент-Энтерпрайз,20230509003
1016,"Китае,район Гуанси-Маньчжур,Гуанчжоу-Гуйгу,Автономн,Чжунцзян",,202305190018
1017,Шаньдун,Саенто,20230608006
1018,Шэньчжэнь,,202307170011
1019,"Тойота,Гуандун-Пуэн,Вест-Худ,Сычуань,Пекин","Ветроэнергетическ,компания",202303200013
1020,"Цинхай,Хайси-Монголия,Улан","Чайна Улан лтд,Улан",20220926001
1021,Шаньдун,"ед,Чайна Инжиниринг",20230427004
1022,Фуцзянь,Чайна Хинси,20230220004
1023,Шаньдун,Чайна Инжиниринг лимитед,202303140014
1024,Шаньдун,Чайна Инжиниринг лимитед,202210310003
1025,Шаньдун,Чайна Инжиниринг лимитед,20230117007
1026,"Пинъюн,Гуанси-Шань,Гуанси Лин,Чинбэй Гиллон,Стохэ",Уполн,20230227005
1027,Гуандун,Чайна Хинон инжиниринг лтд,20230418002
1028,Гуандун,"ед,Чайна Инжиниринг",20230118001
1029,"Гуандун,Янцзы",Чайна Хиросима инк.,20230407004
1030,Чжэцзян,Чайна Инжиниринг лимитед,202307170012
1031,Гуандун,Хинонжиниринг лимитед,20221118001
1032,"Фуцзянь,остров",Чайна Инжиниринг лимитед,20230523005
1033,Гуандун,Чайна Инжиниринг лимитед,202304210001
1034,Шаньдун,Чайна инжиниринг лимитед,202211150004
1035,"Шэньчжэнь,Гуандун","ИТ,IQ,Интеллектуальная инженерная деятельность",20230303005
1036,"Ядерном острове,Шаньдун",Чайна инжиниринг лтд.,202306120004
1037,,Чайна Инжиниринг лимитед,20230615008
1038,Порт-оф-Си,Чайна Хинон инжиниринг лимитед,20230309001
1039,"Фуцзянь,Гуандун",Чайна инжиниринг лтд.,202304120009
1040,Гуандун,,202303230006
1041,Шаньдун,Чайна Хинэ,202304130002
1042,Шаньдун,Чайна Хинон инжиниринг лтд,20230506004
1043,Шаньдун,Чайна Хинон инжиниринг лтд,202304030002
1044,"Порт,Гуанси-Шань,Порт-оф-Си","ф,Хинси энтерпрайз",202209060004
1045,"Джилин,Гранд-Ан,Белый город",Белая энергетика,202301110001
1046,"Порт-о-де-Гонконг,Гуанси. Atomic Energy Ltd,Порт-о-Пренсе",,202209200006
1047,"Шаньдун,Вайхай",Чайна Инжиниринг лимитед,202303140014
1048,Гуандун,Чайна Хинон инжиниринг лтд,202306070006
1049,"Чжэцзян,Чжэцзяне",Чайна Хинон инжиниринг лтд,20221125001
1050,Фуцзянь,Чайна Хинон инжиниринг лтд.,20230714002
1051,Гуандун,Гуанчжоу энжиниринг лимитед,20230302001
1052,Гуандун,,202305250001
1053,"Пекин,Тойота,Гуанчжоу",Dun State Company,202305240010
1054,Шаньдун,Чайна Инжиниринг лимитед,202303010002
1055,"ф,,,Корнея,.,Нижняя Монголия,Немонгольский автономный район,Коул",УНИТА,202210310005
1056,"Китае,Лю Цзицзюнь,Аньхой,Тяньаньмэнь",Уполномоченным фонд,20230105001
1057,Гуандун,,20230420001
1058,Чжэцзян,".,Гуанчжоу энтерпрайз",202303160016
1059,"Чжэцзян,Вэньчжоу",Чайна инжиниринг лтд.,20230423008
1060,Гуандун,Чайна инжиниринг лтд,20230510005
1061,"район Гуанси-Шань,Автономн",Чайна инжиниринг лтд.,20230106001
1062,Гуандун,Чайна Хинси,20221205003
1063,Гуандун,Чайна Хинон инжиниринг лимитед,20221107005
1064,"Нинде,Фуцзянь,Тханьшань","Fujinned Ltd.,JH",202205120001
1065,"Синьцзяне,район,Синьцзян-Уйгурский автоном,Тэгу,Лоуп",China Solar Energy Successing Ltd,202307050015
1066,Гуандун,Чайна Хинон инжиниринг лимитед,20230407003
1067,"Пекин,Тойота",Чайна энтропия,20220909008
1068,Чжэцзян,Чайна Инжиниринг лимитед,20230303002
1069,"Гиллинда Анджези,Джилинде,Джилин,Гранд-Ан,Белый город",Energy White City Ltd,202304240014
1070,Фуцзянь,Чайна Инжиниринг лимитед,20230119004
1071,"район Гуанси-Шань,Автономн",Чайна инжиниринг лтд,202211110001
1072,"Чжэцзян,Ваннань",Чайнаннан,202303160016
1073,Шаньдун,Чайна Инжиниринг лимитед,20230506003
1074,Фуцзянь,"ф,Чайна энжиниринг лимитед",20230509007
1075,"Гуандун,Янцзы",Yangian,2022128007
1076,Гуандун,Чайна Инжиниринг,20230223003
1077,"Чжан,Чайна Сити,Чайна Дружба Севера,Северную Дружбу,Чакрат,Чаддкрат,Чайна,Чжан Сяо,Хэбэй","s friends,s Northern &,Mitsubishi City Television,China &,Лебедь,Lake of the Language,Хэнчэн,Хэбэй",20230608003
1078,Шаньдун,"Чайна Хинси,Золотой источник",20230619005
1079,"Хэйэя,Хэйлунцзян",Кэнси,20230601002
1080,"Шэньчжэнь,Гуандун",China Institute of Nuclear,20230309003
1081,"Сен-сима,Шаньси,Дамаск,PC,Сенсима","Гуанъян,PC,Новая энергетическая компания",202210120001
1082,Гуанси,Чайна инжиниринг лимитед,20221108002
1083,"Шэньчжэнь,Гуандун",,202207190012
1084,Гуандун,,202303270005
1085,"Пекин,Тойота",,20230713005
1086,"Кюсю,Гуандун",Чайна Инжиниринг лимитед,202212130003
1087,"Шанхай,храма Хан Цзинь Флаг,Монголии,Хан Цзинь,округ,храм Хан Цзиньцзян,Ордос",,2022110002
1088,Шаньдун,Чайна инжиниринг лтд.,202303160014
1089,"Юньнань,Осаки","Компания Чусун,Уполн,органом,очен",20221208001
1090,Гуандун,Чайна инжиниринг лтд,20230530005
1091,Шаньдун,Чайна Хинон инжиниринг лимитед,202306210001
1092,"Шэньчжэнь,Гуандун",Института ядерных исследований Китая,202305180008
1093,Гуандун,Чайна Хинси,202211110002
1094,"Хубэй,Тяньмен",Тяньмен,20220929001
1095,Китайская Народная Республика,Шэньчжэнь Чжэнь,20230303009
1096,"Танда,Тана,Новой деревне,Юньнань,Чусун,Новая деревня",Компания Энергопроект,20221280004
1097,Шанхай,Шанхайской ядерной технологии. Ltd,20230530002
1098,Гуандун,ZTE,20230213003
1099,"Уидон,Уичжоу,Гуандун",Гуанчжоу энтерпрайз лимитед,202211010004
1100,"Чунцин,Китай",компания,202302210002
1101,"Ляонин,Далянь,Вау",Ляонин,202303160013
1102,Гуандун,Чайна Инжиниринг лимитед,202304140007
1103,"Шэньчжэнь,Гуандун",China Institute of Nuclear,20230324004
1104,Шаньдун,Чайна Хинон инжиниринг лтд,20230419004
1105,Шаньдун,Чайна инжиниринг лтд.,202306007
1106,Гуандун,Чайна энжиниринг лимитед,20230627001
1107,Фуцзянь,Чайна Инжиниринг,20230207009
1108,"Чжэцзян,Гуандун",Хинонжиниринг лимитед,202306150009
1109,Шанхай,Шанхайской секции ядерной инженерии,202305300002
1110,,,1999999999996
1111,Гуандун,Чайна Хинэ,20221101002
1112,"Белого города,Джилин,Гранд-Ан,Белый город","Уполномоченным фондом,Компания Ветро",20230425002
1113,Гуандун,Чайна Хинэ,20221128003
1114,Гуандун,Чайна инжиниринг лтд,20221014001
1115,"Шэньчжэнь,Гуандун",China Institute of Nuclear.,202302240002
1116,"район Гуанси-Шань,Автономн",Чайна Инжиниринг лимитед,202209280004
1117,"Баян-Монгольский автономный округ,Синьцзян,округ,Синьцзян-Уйгурский автоном,Жуан",,20230704002
1118,"Шанхай,Зон Мин",Шанхайская компания Белая энергетика,20220720002
1119,"Чайна,Лу Лян,Шаньси",Компания Ветряная энергетика,202206150001
1120,"Гуаняо,Уитон,Гуандун,Хиросимы",,202304250006
1121,Фуцзянь,Чайна Инжиниринг лимитед,20230607007
1122,"Хунглингбуйи,Анхен,Китай,Синьцзян,провинци,Гуйчжоу",Hong Kong Kong и Six SAR,20230710002
1123,"Нинде,Фуцзянь,Фукуяма",Fujinnder,202304250007
1124,"Шэньчжэнь,Гуандун",Чайна Хиросима инк,20230704006
1125,Цзяннань,Чайна Инжиниринг лимитед,20230213005
1126,"Жоао-2,Баян-Монгольский автономный округ,Синьцзян,округ,Синьцзян-Уйгурский автоном,Жуан",China New Energy Sound,202307040018
1127,"Чжэцзян,Вэньчжоу",Чайна инжиниринг лтд.,202306150010
1128,Фуцзянь,Чайна Инжиниринг лимитед,20230420007
1129,Гуандун,Чайна Хинэ,202305110002
1130,Гуандун,Чайна инжиниринг лтд,202304140001
1131,Гуандун,Чайна Хинонжиниринг лимитед,20220926006
1132,"Немонгольский автоном,район,Внутренняя Монголия,Корнея","Синьхуа ( Энергия,УНИТА,Коул",202209280010
1133,"Хэйэя,Хэйлунцзян",,20230506002
1134,"Тяньаньмэнь,Аньхой,Хиросима",Хиросиэнэ,20230529003
1135,"Пекин,Тойота",,202307040011
1136,"2 Тайпин,ЭС 1,Уидон,Гуандун",Чайна Инжиниринг лимитед,20221107003
1137,"Чхун,Гуандун,Сухоу",Чайна инжиниринг лимитед,20230705007
1138,Шаньдун,Чайна Инжиниринг лимитед,202303150010
1139,"Цинхай,Хиросиме,Хайси-Монголия,Деринха",,20221107001
1140,"Порт-оф-Спейн,Порт-оф-Си",Чайна инжиниринг лимитед,202211240001
1141,"Деринха,Цинхайо,Китайском заливе,Цинхай,Хайси-Монголия",Чайна-Хеллоу,20230316009
1142,Гуандун,Чайна Хинси,20221018001
1143,Гуандун,Чайна Хинонжиниринг лимитед,20221110003
1144,Шаньдун,Чайна Инжиниринг лимитед,202303140012
1145,"Хэйлунцзян,Цзиньцзян,Цинго",Гранд-Лэндз лимитед,20230710009
1146,Гуандун,Чайна Хинси,20221102001
1147,Шаньдун,Гуанчжоу энжиниринг лимитед,20230314003
1148,"Торри,Та-Тауне,Синьцзян-Уйгурский автоном,Та-Сити,округ",TORY,20221020007
1149,Гуанси-Шань,Чайна инжиниринг лтд,20221114003
1150,"Яндон,Гуанцзян,Гуандун,Янцзян",,20230315005
1151,"Гуанчжоу-2,Гуандун,Гуаньчжоу",,20221019007
1152,Гуандун,Чайна Хинон инжиниринг лимитед,202304120005
1153,"Юньнань,Цюй,Цзюй",Компания Энтерпрайз,20221121001
1154,Фуцзянь,Чайна Инжиниринг лимитед,202302140001
1155,"Порт-оф-Спейн,район Гуанси-Шань,Автономн",Чайна инжиниринг лтд.,202211180003
1156,"Шэньчжэнь,район,Лонга,Гуандун",,20220906002
1157,Гуандун,"China Nuclear Power Engineering Company Limited,Чайна Инжиниринг лимитед",20230427003
1158,"Ляонин,Граньен",,20220926004
1159,"Сычуань,Гуань,Чжоучжоу",Древний ветер,20230426007
1160,"Пекин,Пекине",China Nuclear Systems Engineering Ltd.,20230410008
1161,Гуанси-Шань,Чайна Инжиниринг лимитед,202210130001
1162,"Юньнань,Хинанан,Новой деревне,Чусун",Юньнань,20221205001
1163,Шаньдун,Чайна Хинон инжиниринг лтд.,202301190006
1164,Гуандун,Чайна Хинон инжиниринг лтд,20221027003
1165,"Порт-о-де-Гонконг,Гуанси. Atomic Energy Ltd,Порт-о-Пренсе",,202305110004
1166,"Красная тропа,Ляонин,Далянь,Вау",,202303020004
1167,Гуандун,Чайна Инжиниринг лимитед,20221124002
1168,"Аньхой,Тяньаньмэнь,Лю Цзяоцзяо",Си-эн-Энго лимитед,20221008002
1169,,Чайна Хинси,20230523001
1170,"Чжэцзян,Шаньдун,Чжэцзяне,Шаньдуне,Гуандуне,Гуандун",Чайна Инжиниринг лимитед,202306140014
1171,"Хэйлунцзянган,Хэйлунцзян,Цзиньцзян,Цинго",China New Energy Co. Ltd,202305160010
1172,"Китае,Гуандун",,20230525001
1173,"Юньнань,Чжэцзян,Яньцзян-хани,Юйцзи","ф,Юйцзян энтеррейд",20230706003
1174,"Сычуань,Гуань,Гуанчжоу,Чжоучжоу",,20230426003
1175,"Юньнань,Осаки",Чусун .. Ltd,202302010001
1176,Шаньдун,Чайна энжиниринг лимитед,20230518005
1177,"Юньнань,Цинва","Чайна,Hong Kong Huawei",202209280012
1178,"Юньнань,Таити,Уаньин",Юйцзи Суануэн,20220927001
1179,"Гуандун,Янцзы",,202212020004
1180,"Пекин,Тойота",,202307130008
1181,"Пекин,Тойота",,202304060014
1182,"Деринха,Цинхайо,Китайском заливе,Цинхай,Хайси-Монголия",Чайна-Хеллоу,20230316008
1183,"Аньхой,Сечжоу,Энго Сяо,Шоу",Хинго,20221220003
1184,Гуандун,Чайна Хинэ,202305190015
1185,"Уидон,Гуандун,Гуанчжоу,Хиросимы",,202301180007
1186,Гуандун,Чайна Хинси,202209210001
1187,"Пекин,Пекине",Хинли инжиниринг лимитед,202211030004
1188,Шаньдун,Чайна инжиниринг лтд.,20230426005
1189,"Баян-Монгольский автономный округ,округ,Синьцзян-Уйгурский автоном,Жуан,Синьцзян-2023",,202307040024
1190,Шаньдун,Чайна Хинон инжиниринг лтд.,20230425001
1191,"Фуцзянь,Гуандун",Чайна Хинонжиниринг лимитед,20230228002
1192,Шаньдун,Чайна инжиниринг лтд,202304130004
1193,"Синьцзяне,район,Синьцзян-Уйгурский автоном,Тэгу,Лоуп",China Solar Energy Successing Ltd,202307040020
1194,"Синьцзяне,Баян-Монгольский автономный округ,округ,Синьцзян-Уйгурский автоном,Жуан",,20230117004
1195,"Шанхай,Зон Мин",Шанхайская компания Белая энергетика,20220720002
1196,"Шэньчжэнь,Гуандун",Чайна Хиросима инк.,20220906005
1197,Гуандун,Чайна Хинси,202210110003
1198,"Али,Китай,Лагозо,район,Тибетский автоном",Инспекции Тибета,20230329004
1199,"Южный Ян,Ханан,Данчжоу,Хиросимы",Dun State Company,202305100010
1200,"Порт-оф-Спейн,Ва,Янцзян,Шэньчжэнь,Тайбэй,Нинде",«Синьцзян,20230630001
1201,Цзянвин,Чайна Хинси,20221116007
1202,"Хубэй,округ Чун,Хуанган","Новая энергетика .,Уполномочен,фонд",202303210006
1203,"Пекин,Китая,Тойота,Китая.. Ltd",,202304060019
1204,"Шаньдун,Вайхай",Чайна энжиниринг лимитед,202301280001
1205,Чжэцзян,Чайна Инжиниринг лимитед,20230713002
1206,"Вайхай,Шаньдун,Ваэнсин-Хиллз",Чайна Хинси,20230530004
1207,"Шэньчжэнь,Китае,ЭС Тайпин,Гуандун",,202306020008
1208,"Гуандун,Гуанчжоу,Порт-2",Ltd,20230220010
1209,"Пекин,Пекине",China Nuclear Systems Engineering Ltd.,20230410007
1210,"Бачжоу,Баян-Монгольский автоном,Синьцзян-Синьцзян-Синьцзян-Уцзян-Уйгурский,округ,Синьцзян-Уйгурский автоном,Жуан",,202307110007
1211,"Тумушук,район,Тэгу,Лоуп,Синьцзян-Уйгурский",,202307050010
1212,"Чжэцзян,Гуанси,Гуандун",Чайна Инжиниринг лимитед,202211110003
1213,Гуандун,"ф,.,Чайна энжиниринг лимитед",20230706001
1214,Гуандун,China Institute of Nuclear,20221221001
1215,Гуандун,Чайна инжиниринг лимитед,20221229002
1216,"Чжэцзян,Шаньдун,Гуандун","ед,Чайна Инжиниринг",20230629005
1217,"Шэньчжэнь,Гуандун",IQ,20230303003
1218,Шаньдун,Чайна Инжиниринг лимитед,20230602001
1219,"Хэйэя,Хэйлунцзян",Интернэшнл,202303280006
1220,"Гуанъянь,Гуандун,Гуанчжоу",,20220926007
1221,"Герму,Цинхай,район Хайси-Монголия,Хиросимы",,202303140015
1222,Фуцзянь,Чайна Хинон инжиниринг лимитед,20230720001
1223,"Ченси,Чунси,Канси,Сиань",". Energy Ltd,EPC",20221019005
1224,"Хэйлунцзянган,Хэйлунцзян,Цзиньцзян,Цинго",China New Energy Co. Ltd,20230516008
1225,"Большом заливе,Шэньчжэнь,Гуандун",,202307050024
1226,"Синьцзян,Шаньси",China Solar Ltd,20230203001
1227,"Пекин,Тойота,Гуанчжоу",Dun State Company,202305240006
1228,Шаньдун,Хинонжиниринг лимитед,
1229,Гуандун,Чайна Хинон инжиниринг лимитед,20230307001
1230,Гуандун,Чайна Хинэ,202304140003
1231,"Цинхай,Деринха,Хайси-Монголия","Хендэ,Диринг",202303010008
1232,Порт-оф-Си,,202303150004
1233,"Энн Хао,Линчжоу,Ханан,Аньян","Уполномоченным фондом,Лт",20230705005
1234,"Пекин,Тойота",,202307130004
1235,"Винчан,Хайнань",Чинчан,20230227006
1236,"Юньнань,Чжэцзяне.. Ltd,Яньцзян-хани,Юйцзи",,20230629006
1237,"Шэньчжэнь,Гуандун",Чайна атомная энергетика,20221221003
1238,Гуандун,,202304200001
1239,Гуандун,,20230323005
1240,"Сычуань,Гуаньюань,Шин",Уполномоченным фондом,202305310004
1241,Шаньдун,Чайна инжиниринг лтд,20230606006
1242,Гуандун,"ед,Чайна Инжиниринг",202304240001
1243,Гуанси,,20221027002
1244,"Сычуань,Шин,Гуаньюань,Сычуань Сычуань",,202303230004
1245,Чжэцзян,Чайна Инжиниринг лимитед,202305230003
1246,"Пекин,Тойота",,20230614003
1247,"Чжэцзян,Шаньдун","ед,Чайна Инжиниринг",20230615004
1248,"Чжэцзян,Шаньдун,Гуандун",Чайна инжиниринг лимитед,20230704007
1249,"район,Лоуп,Синьцзян-Уйгурский автоном,Тэгу",,202307040023
1250,Шаньдун,Чайна Инжиниринг,20230720002
1251,"Дюнъюнь,Ганьсу,Гуандуне,Гуандун",,20230705006
1252,"Фуцзянь,Гуандун",Чайна Хинонжиниринг лимитед,20230508002
1253,"Юньнань,округ,Осаки",,202301050009
1254,"Чжэцзян,Вэньчжоу",Чайна Хинси,20230425005
1255,"Пекин,Тойота","ф,Чайна энтропия",202211140001
1256,Гуандун,"Чайна Хинси,Золотой источник",20230109001
1257,Гуандун,Чайна Хинси,202303130005
1258,"Ляонин,Валье",,202303090004
1259,Фуцзянь,Чайна инжиниринг лтд,20230524001
1260,Шаньдун,Чайна Хинон инжиниринг лтд,202303160015
1261,Шаньдун,Чайна инжиниринг лтд.,20230314006
1262,Гуандун,,202307130016
1263,Чжэцзян,Чайна Хинси,2023020005
1264,Гуандун,Чайна Инжиниринг лимитед,202210170005
1265,Гуандун,Ltd,20230413006
1266,"округ,Синин,Цинхай,Запад","China Summit,Компания Ветряная энергетика .",202209280014
1267,"Цзянси,Йон-Пи",,20221116009
1268,Шаньдун,Чайна инжиниринг лтд.,20230530007
1269,"Шэньчжэнь,Гуандун","Линг ХА,Хинтон АЭС лтд",202302160003
1270,"Чжэцзян,Шаньдун,Чжэцзяне,Шаньдуне,Гуандун",Чайна инжиниринг лимитед,202306080005
1271,"Шэньчжэнь,Гуандун",Чайна энтерпрайз,202306270008
1272,Фуцзянь,Чайна Инжиниринг,202304060011
1273,"Шэньчжэнь,Гуандун",Китайская академия ядерных исследований,20220927003
1274,Гуандун,Чайна инжиниринг лтд.,202304270012
1275,Шаньдун,Чайна Инжиниринг лимитед,20230704008
1276,Шаньдун,Чайна Хинси,202304130005
1277,"Голубого моря,Деринха,Цинхай,Голубого моря-Холодного озера,Хайси-Монголия",,202303200011
1278,Шаньдун,Чайна Хинон инжиниринг лимитед,20221010002
1279,"Хэйэя,Хэйлунцзян",,202307060011
1280,"Синьцзяне,,,.,Алтайский район,Синьцзян-Уйгурский автономный округ,Гимуна",,20230425003
1281,"Китая,Чин Сюй,Шаньси,Тюань",Сюй Сюй,20220920003
1282,"Хубэй,Циншань,Ухань",,20221020003
1283,"Гуандун,Чжоу",,20220929003
1284,"Шаньдун,Вайхай","й источник,Чайна Хинси",20230605003
1285,"Минамбуйи,Гуйтинг,Китая,Гуйчжоу,Гуанчжоу",,20230306005
1286,"Шэньчжэнь,Гуандун","ф,Чайна атом энтерпрайз",202303240010
1287,"Хубэй,Чун,Хуанган,Вейцзяна","China New Energy Corp,Вэйцзин,Си Цзиньпин",202307210005
1288,Чжэцзян,Шэньчжэнь Шэньчжэнь,202302270002
1289,Гуандун,,20230510001
1290,"Тайбэй,Кантай,Хэбэй",Хинонген энергетик лимитед,20230404001
1291,"Китая,Гуйчжоу,Гуанчжоу",,20230223002
1292,"Синьцзян-Уйгурский автоном,Тауэр,Та-Сити,Синьцзян-Тауне,округ",,20221117004
1293,"Чжэцзян,Гуандун","Чайна Хинси,ф,Золотой источник",20230629002
1294,Фуцзянь,Компания Чайна Инжиниринг лимитед,20230323001
1295,"Джилин,Гранд-Ан,Гиллинда Анджесилу,Джилинда Анджесилу,Белый город",Даань,202209130004
1296,"Синьцзяне,ф,,,Алтайский район,Синьцзян-Уйгурский автономный округ,Гимуна",Синьцзян,20221010003
1297,Шаньдун,Чайна Инжиниринг лимитед,20230330001
1298,Шаньдун,Чайна энжиниринг лимитед,20230530007
1299,"Пекин,Китая,Тойота,Гуанчжоу",Dun State Company,202305240007
1300,"Чжэцзян,Шаньдун,Гуандун",Чайна Инжиниринг лимитед,20230317001
1301,,"AD,CS浙цзян,BZ,AD Гуандун,БЗ Фуцзянь,CS",202307050021
1302,,,20230328003
1303,"Али,Ali,Тир,район,Тибете",Али,202301160008
1304,"Красная тропа,Ляонин,Далянь,Вау",Ляонин красный речной электрик лимитед,202303010001
1305,"Синьцзян-Уйгурский автоном,Тауэр,Та-Сити,Синьцзян-Тауне,округ",Чайна нью-Энтерпрайз,20230606003
1306,Гуандун,Чайна инжиниринг лтд.,20230601004
1307,"Ташань,Хань-цзян-цзян,Таунша",,202301160006
1308,"Цинхай,Деринха,Хайси-Монголия",Дилингха лтд.,20221226003
1309,Гуандун,Чайна Хинси,20221020005
1310,"Голубые ручья,Куян,Гуанцзян,Тунцзян,Шестерка,Гуйчжоу",,20221220002
1311,"Шэньчжэнь,Китая,Гуандун",,202304230002
1312,"Тауэр,округ,Синьцзян-Уйгурский автоном,Та-Сити",Торри,202212010003
1313,"Гуандун,Янцзы","Янцзян энтерпрайз лимитед,.",20230627007
1314,"Хубэй,Ханнань,Ухань. Hanner Electric Development Ltd,Ухань","ф,Уханьхань энергетика лтд.,Вуханьханская энергетическая компания Вухань",20221130002
1315,"ЭС Ташань,Хань-цзян-цзян","ф,Тайшань энтерпрайз",202301160006
1316,"Шэньчжэнь,Гуандун,Большом Аравийском заливе","ф,Гуандун энтерпрайз лимитед,.",20230504008
1317,"Фуцзянь,Гуандун","ед,Чайна Инжиниринг",202304030001
1318,Санто,Чайна Инжиниринг лимитед,20230117003
1319,"Чжэцзян,Вэньчжоу",,20230428002
1320,"Шэньчжэнь,Большом заливе,Гуандун",,20230220004
1321,Гуанси-Шань,Чайна Хинэ,20221011008
1322,Гуандун,,20221026001
1323,"Красная тропа,Ляонин,Далянь,Вау",Ляонин красный вдоль,202303020011
1324,"округ,Торри,Синьцзян-Уйгурский автоном,Та-Сити",Чайна Энергия,20220920002
1325,"Ханьань,Геререя,Хэбэй",Золотой технологи,202211230003
1326,"Ганьсу,Дюнъюнь,Гуандун",,20230706002
1327,Фуцзянь,"Z,Чайна Инжиниринг",202302070009
1328,"Жуан,округ,Синьцзян-Уйгурский автоном,Баян-Монгольский автономный округ",,202307130013
1329,"Пекин,Тойота",,20230515002
1330,Ляонин,Ltd,202304240004
1331,"Китае,район Гуанси-Маньчжур,Гуанчжоу-Гуйгу,Автономн,Чжунцзян",,202305190017
1332,Гуандун,Чайна инжиниринг лимитед,202211110006
1333,"район Гуанси-Шань,Автономн",Чайна Инжиниринг лимитед,202305230004
1334,Гуандун,Чайна инжиниринг лимитед,202305190021
1335,"Немонгольский автономный округ,Китая (Пекин,Вестуджуму,Сиринголерский союз,Пекин,Китая","Уполн,органом,очен",20230607005
1336,"Шэньчжэнь,Гуандун",China Institute of Nuclear,20230209003
1337,"Шэньчжэнь,АЭС Гранд-Авок,Гуандун",Гуандун энтерпрайз лтд.,20230315007
1338,"Хэйэя,Хэйлунцзян",,202305310010
1339,"Гуандун,Янцзы",Чайна Янь,20230110005
1340,Шаньдун,Чайна инжиниринг лтд.,202302240006
1341,Чжэцзян,Чайна инжиниринг лтд,20230220003
1342,Шаньдун,Чайна инжиниринг лтд,20230303001
1343,Гуандун,Ltd,20230220002
1344,"Большом заливе,Большой Азиатский залив,Гуандуна. Юнайтед лтд. / Линтон энтерпрайз,Шэньчжэнь,Гуандун",,20230105002
1345,Шаньдун,Чайна инжиниринг лтд.,20221027006
1346,"Юньнане,Юньнань,Яньцзян-хани,Юйцзи,провинци,Китая",Янцзян Ветер энергетик лимитед,20230625003
1347,"Синьцзян-Уйгурский автономный округ,Гимуна,Синьцзяне,Алтайский район",,202210110004
1348,Чжэцзян,Чайна Хинон инжиниринг лимитед,202303130006
1349,Гуандун,,20230320007
1350,"Чхун,Гуандун,Сухоу",Чайна Хинон инжиниринг лимитед,202303310007
1351,"Аньхой,Сечжоу,Шоу",Гуанчжоу энтерпрайз,202307130015
1352,"Фуцзянь,Гордон",Чайна Хинон инжиниринг лтд,20230316001
1353,"Далянь,Ляонин",,202212070002
1354,"Гуаняо,Сяньян,Хунань,Чжоучжоу",Энергопроект,202307050013
1355,"Китае,район Гуанси-Маньчжур,Гуанчжоу-Гуйгу,Автономн,Чжунцзян",,202305190016
1356,"Юньнань,округ Чусун,Юньнане",Чусун,20221117005
1357,"Гуандун,Янцзян",".,Чайна энтерпрайз,,",202212020003
1358,"Китай,Гуанси-Шанг,Синьцзян,Юйлин,Гуанси-Синьцзян-Сити","Хинси Синьцзян,ZTE",20230628004
1359,Чжэцзян,Чайна инжиниринг лтд,20230306008
1360,Азиатский залив,"Ling,Гранд-Айленд",20221024001
1361,Гуандун,"Шэньчжэнь,.,Золотой источник",202211240006
1362,Шаньдун,Чайна Инжиниринг лимитед,20230329002
1363,"Порт-о-де-Гонконг,Гуанси,Порт-оф-Спейне",,20220920006
1364,"Китай,Южном Дуне,Данчжоу,Южный Ян,Саут Даньчжоу,Ханан,Гуанчжоу",Dun State Company,20230420008
1365,"Шэньчжэнь,Гуандун",Чайна атомная электроника,20230506001
1366,Гуандун,Чайна Инжиниринг лимитед,202305190015
1367,"Гуандун,Янцзы","ф,Чайна энтерпрайз,,",202303030010
1368,"Южно-Китайском заливе,Сяньян,Хунань,Чжоучжоу",,20221027004
1369,"Сиси,Шин,Гуаньюань,Коидзун,Сычуань,Хинпхендо",Чайна,202304240015
1370,Шаньдун,Чайна Инжиниринг лимитед,
1371,"Шэньчжэнь,Гуандун",China Institute of Nuclear,20230518007
1372,"Цинхай,Казахстане,Деринха,Хайси-Монголия",Дилингха лтд.,202211140004
1373,"Шэньчжэнь,Гуандун",Чайна энтерпрайз,20230626002
1374,"Пекин,Тойота",,20230627004
1375,"Шэньчжэнь,Большом заливе,Гуандуна,Гуандун","атом,АЭС Гранд,комбинат",202306280006
1376,"Порт-о-де-Морт,район Гуанси-Шань,Автономн",Чайна Инжиниринг лимитед,202212020001
1377,"Пекин,Тойота",,20230710006
1378,"Чжэцзян,Ханан",Чайна Хинэ,202210310001
1379,"Джилин,Белый город,Гранд-Ан,Джилинда Анджези",Energy White City Ltd,202304240012
1380,Шаньдун,Гуанчжоу энжиниринг лимитед,20230307004
1381,"Шэньчжэнь,Гуандун",IQ,202303030006
1382,"округ,Порт-о-Пренсе,Гонконгский автоном","SA,Гуанси Порт оф-Си",202302130006
1383,Шаньдун,Чайна Хинон инжиниринг лтд,20230116002
1384,"Бачжоу,Баян-Монгольский автоном,Синьцзян-цзян-Уйгурском,Синьцзян-Уйгурский автоном,Жуан,округ",China New Energy Trucks Ltd,20230706007
1385,"Китае,Гуандун",Чайна Хинон,202211010003
1386,Гуандун,Чайна Инжиниринг лимитед,202304130010
1387,,Хинонжиниринг лимитед,20230424001
1388,Гуандун,Чайна Инжиниринг лимитед,20230627002
1389,"район Гуанси-Маньчжур,Автономн,Гонконг,Китай,Чжунцзян",Юнайтед эн-эн-эн-эн-эн-эн-эн-эн-эн-энерго,20230510003
1390,"Чжэцзян,Чжоу,Шохен","ПК,Новая энергетическая компания",20230423005
1391,Шаньдун,Чайна Хинон инжиниринг лтд,20230328009
1392,"Чжэцзян,Шаньдун,Чжэцзяне,Шаньдуне,Гуандун",Чайна инжиниринг лтд,202306140010
1393,"Шэньчжэнь,Гран-Азия,Большом заливе",Гуандун АЭС лтд,202303130004
1394,Гуандун,Чайна инжиниринг лтд,202302210005
1395,Чжэцзян,Чайна Инжиниринг лимитед,202302230007
1396,"Пекин,Тойота",,20230614002
1397,"Пекин,Китай,Тойота","Energy Technology Ltd,Энергонеэнергетика",20230614006
1398,Гуанси-Шань,Чайна Хинэ,202210130001
1399,"Юнгхен,Хунань,Чжоучжоу,Каннань",Компания Энергопроект,202307110005
1400,"Ганьсу,Осаку,Юннань,Кананг","Ганьцзяня,Гиллинданя,дивизия Синьцзян",20221220005
1401,"Юньнань,Цюй,Цзюй",Чайна Хинси,20221128002
1402,Ляонин,Красная река,202305170003
1403,Гуандун,Чайна Хинси,20221114005
1404,"Юньнань Юаньцзяйцзян,Юньнань,Яньцзян-хани,Юйцзи,Юнъю,провинци",Чжэнцзян энтерэн,202303010005
1405,"Хэйлунцзян,Цзиньцзян,Цинго",Киото,20230504004
1406,"Чжунцин,Каннинг,Гуандуне,Гуандун",,202305240015
1407,"Пекин,Тойота",,20230627003
1408,"Отока,Немонгольский автономный округ,Оток,Ордос,Монголия",Внутренняя Монголия,202307120009
1409,Гуандун,Чайна инжиниринг лтд,20230119007
1410,"Гуандун,Янцзы",".,,,Хиросим энтерпрайз",202303030010
1411,"Синьцзяне,Лоупе,район,Тэгу,Лоуп,Синьцзян-Уйгурский",China Solar Energy Successing Ltd,202307050016
1412,"Чжэцзян,ф,.,Вэньчжоу,Коп,Мэнан","Ltd,Синьхуа",202305190022
1413,"Али,Тибетский хребет,Планд,Тибете,Тибетский автономный район",«Али,20230207004
1414,"ф,,,Синьцзяна,Синьцзян,Алтайский район,Синьцзян-Уйгурский автономный округ,Гимуна",Гимуми,20230607002
1415,"Чжоуцзяоцзяо,район Гуанси-Маньчжур,Автономн,Чжунцзян,Порт-Манси",,20221220004
1416,"Порт-оф-Спейне,Гуанси-Шань,Порт-оф-Си",Хинси энтерпрайз,202301180008
1417,"Хэйлунцзян-Гонконг,Хэйлунцзян,Цзиньцзян,Цинго",Киото,202305310011
1418,"Ханнань,Ханой-Юнъюань,Запои,Хиросима",Dun State Company,202305100011
1419,Гуандун,. Ltd,20230103001
1420,"Жуан,округ,Синьцзян-Уйгурский автоном,Баян-Монгольский автономный округ",Уполномоченным фонд,2023070004
1421,"Жуан,округ,Синьцзян-Уйгурский автоном,Баян-Монгольский автономный округ",,202307130012