tenderid;workid;type
202301310002;дороги;EQUIPMENT
202301310002;системы управления;EQUIPMENT
202301310002;станция;EQUIPMENT
202305150006;Приложение;EQUIPMENT
202305150006;трансформатор;EQUIPMENT
202305150006;перемен;EQUIPMENT
202305150006;кабеля;EQUIPMENT
202305150006;Запчасти;EQUIPMENT
20230609001;Источник;EQUIPMENT
20230609001;станция;EQUIPMENT
2023024005;датчиков;EQUIPMENT
2023024005;Источник;EQUIPMENT
20230526004;трансформатор;EQUIPMENT
20230526004;шкаф;EQUIPMENT
202211110003-N1;Источник;EQUIPMENT
202307040015;матрицы;EQUIPMENT
202302210004;Внутренний;EQUIPMENT
202302210004;трансформатор;EQUIPMENT
202302210004;кабеля;EQUIPMENT
202302210004;станция;EQUIPMENT
202302210004;шкаф;EQUIPMENT
202206270006-N1;станция;EQUIPMENT
202304240018-N1;кабеля;EQUIPMENT
202304240018-N1;шкаф;EQUIPMENT
202304240018-N1;электрический;EQUIPMENT
20230524002;электрический;EQUIPMENT
20230620002;Источник;EQUIPMENT
202301180009;системы управления;EQUIPMENT
202301180009;станция;EQUIPMENT
202304030007-N1;кабеля;EQUIPMENT
202304030007-N1;Источник;EQUIPMENT
202307120011;станция;EQUIPMENT
202210190005-N1;станция;EQUIPMENT
202304140006;(Сталь);EQUIPMENT
202303140017;трансформатор;EQUIPMENT
20221226006;трансформатор;EQUIPMENT
202304060020;трансформатор;EQUIPMENT
202304060020;матрицы;EQUIPMENT
202304060020;шкаф;EQUIPMENT
202303150014;датчиков;EQUIPMENT
20221216003;системы управления;EQUIPMENT
20221216003;станция;EQUIPMENT
20230517002;220 кВ;EQUIPMENT
20230517002;станция;EQUIPMENT
20230710003;трансформатор;EQUIPMENT
20230710003;матрицы;EQUIPMENT
202305240017;дороги;EQUIPMENT
202305240017;станция;EQUIPMENT
20230609001-N1;Источник;EQUIPMENT
202301310001;дороги;EQUIPMENT
20230217001;электроэнергией;EQUIPMENT
20230217001;станция;EQUIPMENT
202305240013;электрический;EQUIPMENT
202304060017;Внутренний;EQUIPMENT
202304060017;трансформатор;EQUIPMENT
202304060017;матрицы;EQUIPMENT
202304060017;220 кВ;EQUIPMENT
202304060017;шкаф;EQUIPMENT
20230522004;шкаф;EQUIPMENT
202212020007;станция;EQUIPMENT
20230710008;матрицы;EQUIPMENT
202305260004;трансформатор;EQUIPMENT
202305260004;шкаф;EQUIPMENT
202211140008;Источник;EQUIPMENT
202211140008;шкаф;EQUIPMENT
202303230004-N1;трансформатор;EQUIPMENT
202303230004-N1;220 кВ;EQUIPMENT
202303230004-N1;электрический;EQUIPMENT
202211140005-N1;Источник;EQUIPMENT
202209280003-N1;Источник;EQUIPMENT
202304230007;станция;EQUIPMENT
202208230002-N1;220 кВ;EQUIPMENT
202208230002-N1;кабеля;EQUIPMENT
202303080001-N1;Источник;EQUIPMENT
20230110002;Источник;EQUIPMENT
20221207003-N1;Источник;EQUIPMENT
20230504005;Внутренний;EQUIPMENT
20230627009;Источник;EQUIPMENT
20220927005;Группа;EQUIPMENT
20230530003-N1;Источник;EQUIPMENT
202307110004;Источник;EQUIPMENT
20230627005;матрицы;EQUIPMENT
20230315008;станция;EQUIPMENT
20221215002;системы управления;EQUIPMENT
20230329003;Источник;EQUIPMENT
20230614004;матрицы;EQUIPMENT
20230614004;220 кВ;EQUIPMENT
20230614004;SF6;EQUIPMENT
202210110005-N1;кабеля;EQUIPMENT
202210110005-N1;Путешественники;EQUIPMENT
202211240004-N1;станция;EQUIPMENT
202210270006-N1;Источник;EQUIPMENT
202307110009;трансформатор;EQUIPMENT
202307110009;220 кВ;EQUIPMENT
20220927002;дороги;EQUIPMENT
20220927002;ZC-YJLV;EQUIPMENT
20220927002;муравьев;EQUIPMENT
20220927002;перемен;EQUIPMENT
20220927002;ZC-YJV;EQUIPMENT
20220927002;кабеля;EQUIPMENT
20220927002;SVG;EQUIPMENT
20230310004;Источник;EQUIPMENT
202304140004;Внутренний;EQUIPMENT
202304140004;трансформатор;EQUIPMENT
202304140004;дороги;EQUIPMENT
202304140004;кабеля;EQUIPMENT
202304140004;станция;EQUIPMENT
202305240012;электрический;EQUIPMENT
20230531003;Проект установки 7,15 МВт ветрогенераторной установки для установки 7,15 МВт ветровой энергии в рамках проекта строительства 50 МВт в южном горном горном районе Порт-Хуси, частота ветрогенератора;EQUIPMENT
20230531003;высоковольтных электропроводов ZC-YJV22-26/35kV-3;EQUIPMENT
20230531003;трансформатор;EQUIPMENT
20230531003;высоковольтных электропроводов ZC-YJLV22-26/35kV-3;EQUIPMENT
20230531003;высоковольтный электропровод;EQUIPMENT
20230531003;высоковольтный электропровод ZC-YJLV22-26/35kV-3;EQUIPMENT
20230531003;ZC-YJLV;EQUIPMENT
20230531003;перемен;EQUIPMENT
20230531003;ZC-YJV;EQUIPMENT
20230531003;кабеля;EQUIPMENT
20230531003;SVG;EQUIPMENT
20230531003;высоковольтных электропроводов;EQUIPMENT
20230531003;электрический;EQUIPMENT
202307110003;трансформатор;EQUIPMENT
202307110003;дороги;EQUIPMENT
202307110003;кабеля;EQUIPMENT
202307110003;станция;EQUIPMENT
202307110003;шкаф;EQUIPMENT
202210110007;Источник;EQUIPMENT
202306150009;Источник;EQUIPMENT
20230705009;трансформатор;EQUIPMENT
20230705009;матрицы;EQUIPMENT
20230531005;станция;EQUIPMENT
202304030007-N2;кабеля;EQUIPMENT
202304030007-N2;Источник;EQUIPMENT
20230119003;станция;EQUIPMENT
2022127001;перемен;EQUIPMENT
2022127001;системы управления;EQUIPMENT
20221110001;Источник;EQUIPMENT
202211150007;220 кВ;EQUIPMENT
202211150007;SVG;EQUIPMENT
20230616001;трансформатор;EQUIPMENT
20230616001;дороги;EQUIPMENT
20230616001;станция;EQUIPMENT
20230529005;Плюс;EQUIPMENT
20230619001;Источник;EQUIPMENT
2024).;матрицы;EQUIPMENT
20230516002;Источник;EQUIPMENT
20221129002;Источник;EQUIPMENT
202304030007;кабеля;EQUIPMENT
20230607001;станция;EQUIPMENT
202306140009;Источник;EQUIPMENT
202306140009;электрический;EQUIPMENT
202305040001;станция;EQUIPMENT
20230504001;станция;EQUIPMENT
202303210002;системы управления;EQUIPMENT
202303210002;станция;EQUIPMENT
20230704004;трансформатор;EQUIPMENT
20230704004;станция;EQUIPMENT
20230704004;электрический;EQUIPMENT
20230518002-N1;Источник;EQUIPMENT
202304240020;дороги;EQUIPMENT
202304240020;станция;EQUIPMENT
202304240020;Группа;EQUIPMENT
202304190005-N1;Источник;EQUIPMENT
202212080010;кабеля;EQUIPMENT
202212080010;станция;EQUIPMENT
202212080010;шкаф;EQUIPMENT
20230117005;трансформатор;EQUIPMENT
20230117005;станция;EQUIPMENT
20230117005;шкаф;EQUIPMENT
20230117005;электрический;EQUIPMENT
202307040028;Источник;EQUIPMENT
20230505001;220 кВ;EQUIPMENT
20230505001;кабеля;EQUIPMENT
20230505001;станция;EQUIPMENT
20230116001;трансформатор;EQUIPMENT
20230116001;системы управления;EQUIPMENT
20230116001;станция;EQUIPMENT
20230116001;электрический;EQUIPMENT
20230406001;трансформатор;EQUIPMENT
20230406001;кабеля;EQUIPMENT
20230406001;станция;EQUIPMENT
20230406001;шкаф;EQUIPMENT
20230608004;станция;EQUIPMENT
20221018002;станция;EQUIPMENT
20230518007;Источник;EQUIPMENT
202211240005;системы управления;EQUIPMENT
20230228005;станция;EQUIPMENT
20230228005;шкаф;EQUIPMENT
202212020008;трансформатор;EQUIPMENT
202212020008;электроэнергией;EQUIPMENT
202212020008;высоковольтных кабелей;EQUIPMENT
202212020008;шкаф;EQUIPMENT
202303280007;станция;EQUIPMENT
20230106005;шкаф;EQUIPMENT
202303170003-N1;Источник;EQUIPMENT
202304060015;вакуумных переключателей на поверхности KYN61-40.5-2500 A-31.5kA;EQUIPMENT
202304060015;4000A;EQUIPMENT
202304060015;Электрическая цепь / хранилище в КЯН61-40.5-1250 A-31.5kA 90;EQUIPMENT
202304060015;KYN61-40.5-630 A-31.5kA 2 комплекты для SF6;EQUIPMENT
202304060015;1250A;EQUIPMENT
202304060015;Защитный шкаф 3.;EQUIPMENT
202304060015;Внутренний;EQUIPMENT
202304060015;КЯН61-40.5-1250 A-31.5kA;EQUIPMENT
202304060015;Вакуумный прерыватель 1-го крыла;EQUIPMENT
202304060015;0.5-4000 A-31.5kA;EQUIPMENT
202304060015;Вакуумные блоки для 3-й фазы 3 KYN61-40.5-1600 A-31.5kA;EQUIPMENT
202304060015;Вакуумные блоки для 5-го ступенчатого диапазона;EQUIPMENT
202304060015;2500 A;EQUIPMENT
202304060015;Вход в шкаф;EQUIPMENT
202304060015;устройства и линии связи;EQUIPMENT
202304060015;40.5-4000 A-31.5kA;EQUIPMENT
202304060015;KYN61-40.5-630 A-31.5kA;EQUIPMENT
202304060015;Вакуумный прерыватель на 1-й площадке;EQUIPMENT
202304060015;Устройство 30.;EQUIPMENT
202304060015;KYN61-40.5-1250 A-31.5kA;EQUIPMENT
202304060015;5PT шкаф;EQUIPMENT
202304060015;3150A;EQUIPMENT
202304060015;вакуумные блоки;EQUIPMENT
202304060015;Устройство по одному;EQUIPMENT
202304060015;4-го вакуумного прерывателя;EQUIPMENT
202304060015;4SVG/FC;EQUIPMENT
202304060015;KYN61-40.5-1250 A-31.5kA 2 комплекты для SF6;EQUIPMENT
202304060015;место и крышка вакуумного прерывания;EQUIPMENT
202304060015;SF6;EQUIPMENT
202304060015;Внешне кассетное устройство 9;EQUIPMENT
202304060015;SVG;EQUIPMENT
202304060015;1600A;EQUIPMENT
202304060015;2000 Am 40;EQUIPMENT
202304060015;Вторичное переваривание;EQUIPMENT
202304060015;шкаф KYN61-40.5-630 A-31.5kA 10;EQUIPMENT
202304060015;2500A;EQUIPMENT
202304060015;630A;EQUIPMENT
202304060015;шкаф;EQUIPMENT
202304060015;электрический;EQUIPMENT
202304060015;Установка приложений;EQUIPMENT
202304060015;меди, в том числе;EQUIPMENT
202304060015;Мониторинг газов;EQUIPMENT
20221130003;Приложение;EQUIPMENT
20221130003;станция;EQUIPMENT
202303140010;датчиков;EQUIPMENT
202303140010;станция;EQUIPMENT
202303140010;шкаф;EQUIPMENT
202303140010;электрический;EQUIPMENT
202301030002-N1;Внутренний;EQUIPMENT
202301030002-N1;Стены;EQUIPMENT
20221016001;Источник;EQUIPMENT
20221016001;станция;EQUIPMENT
202303210001;220 кВ;EQUIPMENT
202303210001;кабеля;EQUIPMENT
202303210001;станция;EQUIPMENT
202301120002;электроэнергией;EQUIPMENT
20230228001;станция;EQUIPMENT
20221008001;станция;EQUIPMENT
20221020002;трансформатор;EQUIPMENT
20230224003;4,2 МВт;EQUIPMENT
20230224003;трансформатор;EQUIPMENT
20230224003;220 кВ;EQUIPMENT
20230224003;станция;EQUIPMENT
20230224003;4,5 МВт;EQUIPMENT
202212080005-N1;станция;EQUIPMENT
202306080012;Источник;EQUIPMENT
202304240010;трансформатор;EQUIPMENT
202304240010;220 кВ;EQUIPMENT
202304240010;станция;EQUIPMENT
202304250006;системы управления;EQUIPMENT
20230105007;Схема распределения товаров;EQUIPMENT
20230105007;ZRC-YJY23;EQUIPMENT
20230105007;ZRC-YJY23-1.8/3kV;EQUIPMENT
20230105007;высоковольтных электропроводов ZRC-YJLY23-26/35;EQUIPMENT
20230105007;высоковольтный электропровод;EQUIPMENT
20230105007;ZRC-YJLY23;EQUIPMENT
20230105007;ZRC-YJLY23-26/35kV;EQUIPMENT
20230105007;кабеля;EQUIPMENT
20230105007;низковольтных кабелей ZRC-YJY23-1,8/3kV-3;EQUIPMENT
20230105007;станция;EQUIPMENT
20230105007;высоковольтных электропроводов;EQUIPMENT
20230105007;высоковольтных электропроводов ZRC-YJY23-26/35kV-3;EQUIPMENT
20230105007;высоковольтных электропроводов ZRC-YJLY23-26/35kV-3x70 метров 3200;EQUIPMENT
20230105007;высоковольтных электропроводов ZRC-YJY23-8.7/15kV-3;EQUIPMENT
20230216003;SF6;EQUIPMENT
20230216003;станция;EQUIPMENT
202302160002-N1;системы управления;EQUIPMENT
202211080004;системы управления;EQUIPMENT
20221116005;электрический;EQUIPMENT
20230510005-N1;Приложение;EQUIPMENT
20230510005-N1;станция;EQUIPMENT
202304100004;системы управления;EQUIPMENT
202304100004;станция;EQUIPMENT
202304100004;шкаф;EQUIPMENT
20230227001;Источник;EQUIPMENT
202212120003;станция;EQUIPMENT
202304130003-N1;Источник;EQUIPMENT
202301120004-N1;перемен;EQUIPMENT
202301120004-N1;системы управления;EQUIPMENT
20230216002;системы управления;EQUIPMENT
202306020007;220 кВ;EQUIPMENT
202306020007;станция;EQUIPMENT
20230705008;трансформатор;EQUIPMENT
20230705008;матрицы;EQUIPMENT
202305160004;220 кВ;EQUIPMENT
202305160004;станция;EQUIPMENT
20230314009;датчиков;EQUIPMENT
20230314009;станция;EQUIPMENT
20230314009;шкаф;EQUIPMENT
20230314009;электрический;EQUIPMENT
202307100010;дороги;EQUIPMENT
202307100010;Стены;EQUIPMENT
20230207005;Источник;EQUIPMENT
20230105004;станция;EQUIPMENT
202304100011;Приложение;EQUIPMENT
202304100011;Внутренний;EQUIPMENT
202304100011;станция;EQUIPMENT
202304100011;шкаф;EQUIPMENT
202304240016;матрицы;EQUIPMENT
202304240016;дороги;EQUIPMENT
202304240016;перемен;EQUIPMENT
202304240016;электрический;EQUIPMENT
20230217003;220 кВ;EQUIPMENT
20230217003;системы управления;EQUIPMENT
20230217003;кабеля;EQUIPMENT
20230217003;станция;EQUIPMENT
202301050011;перемен;EQUIPMENT
202302020003;станция;EQUIPMENT
202302020003;шкаф;EQUIPMENT
20221202005;Плюс;EQUIPMENT
20221202005;трансформатор;EQUIPMENT
20221202005;220 кВ;EQUIPMENT
20221202005;станция;EQUIPMENT
20221202005;электрический;EQUIPMENT
202303210006-N1;дороги;EQUIPMENT
202303210006-N1;станция;EQUIPMENT
20221117003;перемен;EQUIPMENT
202307120010;шкаф;EQUIPMENT
202301160008;станция;EQUIPMENT
202212080008;ZC-YJLY23;EQUIPMENT
202212080008;трансформатор;EQUIPMENT
202212080008;220 кВ;EQUIPMENT
202212080008;ZC-YJY23;EQUIPMENT
202212080008;высоковольтный кабель ZC-YJLY23-26/35kV3;EQUIPMENT
202212080008;ZC-YJY63-26/351;EQUIPMENT
202212080008;ZC-YJLY23-26/35kV3;EQUIPMENT
202212080008;кабеля;EQUIPMENT
202212080008;ZC-YJY23-0.6/1kV3;EQUIPMENT
202212080008;низковольтных электрических кабелей F;EQUIPMENT
202212080008;станция;EQUIPMENT
202212080008;4,5 МВт;EQUIPMENT
202212080008;ZC-YJY63;EQUIPMENT
202212080008;ZC-YJY23-26/353;EQUIPMENT
202212080008;высоковольтных кабелей;EQUIPMENT
202212080008;ZC-YJY63-0.6/1kV1;EQUIPMENT
20221019003;системы управления;EQUIPMENT
20230420006;трансформатор;EQUIPMENT
20230420006;электроэнергией;EQUIPMENT
20230420006;станция;EQUIPMENT
202307003;Группа;EQUIPMENT
20230626004;Источник;EQUIPMENT
20230626004;станция;EQUIPMENT
202212010006;станция;EQUIPMENT
20230710005;трансформатор;EQUIPMENT
20230710005;матрицы;EQUIPMENT
20230714001;станция;EQUIPMENT
202303030001-N1;Источник;EQUIPMENT
202210170004-N1;системы управления;EQUIPMENT
202304210002;станция;EQUIPMENT
20221027001;дороги;EQUIPMENT
20221027001;станция;EQUIPMENT
20230504005-N1;Внутренний;EQUIPMENT
20230306007;станция;EQUIPMENT
20221209001;датчиков;EQUIPMENT
20230106002;трансформатор;EQUIPMENT
20230106002;станция;EQUIPMENT
20230106002;шкаф;EQUIPMENT
202208230001-N1;220 кВ;EQUIPMENT
202208230001-N1;кабеля;EQUIPMENT
202208230001-N1;станция;EQUIPMENT
202303010006;системы управления;EQUIPMENT
202303010006;кабеля;EQUIPMENT
202303010006;станция;EQUIPMENT
202211210003;трансформатор;EQUIPMENT
202211210003;электрический;EQUIPMENT
20230105005;электрический;EQUIPMENT
20220920001-N1;матрицы;EQUIPMENT
202306020005;Внутренний;EQUIPMENT
202306020005;трансформатор;EQUIPMENT
202306020005;220 кВ;EQUIPMENT
202306020005;кабеля;EQUIPMENT
202306020005;станция;EQUIPMENT
202306020005;Группа;EQUIPMENT
202306020005;шкаф;EQUIPMENT
20230104001;Источник;EQUIPMENT
202304260002;трансформатор;EQUIPMENT
202304260002;220 кВ;EQUIPMENT
20230529004;трансформатор;EQUIPMENT
20230529004;SVG;EQUIPMENT
20230328005;220 кВ;EQUIPMENT
20230328005;станция;EQUIPMENT
202307060014;станция;EQUIPMENT
202307060014;шкаф;EQUIPMENT
202307060014;электрический;EQUIPMENT
202301110010-N1;системы управления;EQUIPMENT
202301110010-N1;станция;EQUIPMENT
20230614001;матрицы;EQUIPMENT
20230614001;SF6;EQUIPMENT
20230224004;трансформатор;EQUIPMENT
20230224004;станция;EQUIPMENT
20230706009;матрицы;EQUIPMENT
20230706009;дороги;EQUIPMENT
20230706009;станция;EQUIPMENT
20230324002;электроэнергией;EQUIPMENT
20230324002;станция;EQUIPMENT
202305180008-N1;Источник;EQUIPMENT
202212130002;220 кВ;EQUIPMENT
202212130002;электроэнергией;EQUIPMENT
202212130002;перемен;EQUIPMENT
202212130002;станция;EQUIPMENT
20221229001;Источник;EQUIPMENT
202306270006;матрицы;EQUIPMENT
20230508001;трансформатор;EQUIPMENT
20230508001;шкаф;EQUIPMENT
20230227007;трансформатор;EQUIPMENT
20230227007;матрицы;EQUIPMENT
202303280003-N1;Плюс;EQUIPMENT
20220928005-N1;Источник;EQUIPMENT
202211010001-N1;станция;EQUIPMENT
202211010001-N1;шкаф;EQUIPMENT
202302280006;станция;EQUIPMENT
202302280006;шкаф;EQUIPMENT
202304030006-N1;станция;EQUIPMENT
20230505002;220 кВ;EQUIPMENT
20230505002;кабеля;EQUIPMENT
20230505002;станция;EQUIPMENT
20230216005;дороги;EQUIPMENT
20230216005;станция;EQUIPMENT
20230128001;шкаф;EQUIPMENT
202303090006-N1;станция;EQUIPMENT
20230320002;станция;EQUIPMENT
20230717003;ZC-YJLY23;EQUIPMENT
20230717003;535kV, ZC-YJY23-26/35kV -3;EQUIPMENT
20230717003;220 кВ;EQUIPMENT
20230717003;635kV, ZR-YJY-26/35kV-3;EQUIPMENT
20230717003;ZC-YJY23;EQUIPMENT
20230717003;электроэнергией;EQUIPMENT
20230717003;435kV, ZC-YJY23-26/35kV -3;EQUIPMENT
20230717003;муравьев;EQUIPMENT
20230717003;1035kV, ZR-YJY-26/35kV-3;EQUIPMENT
20230717003;кабеля;EQUIPMENT
20230717003;335kV, ZC-YJLY23-26/35kV-3;EQUIPMENT
20230717003;станция;EQUIPMENT
20230717003;электрический;EQUIPMENT
202303020004-N1;станция;EQUIPMENT
202303020004-N1;электрический;EQUIPMENT
20230713007;матрицы;EQUIPMENT
20230713007;станция;EQUIPMENT
202305310006;220 кВ;EQUIPMENT
2022117001;Источник;EQUIPMENT
2022117001;станция;EQUIPMENT
202306140012;дороги;EQUIPMENT
202306140012;перемен;EQUIPMENT
202306140012;станция;EQUIPMENT
20221205003-N1;Источник;EQUIPMENT
202304120004;Источник;EQUIPMENT
202210110006;станция;EQUIPMENT
202305150004;системы управления;EQUIPMENT
202305150004;Источник;EQUIPMENT
20220926009;Источник;EQUIPMENT
202306150002-N1;Источник;EQUIPMENT
20230718002;Источник;EQUIPMENT
2023020004-N1;станция;EQUIPMENT
202307130001;Источник;EQUIPMENT
20230206001;Источник;EQUIPMENT
202303020011-N1;станция;EQUIPMENT
202210280003-N1;Источник;EQUIPMENT
20230315002;станция;EQUIPMENT
202307040025;электрический;EQUIPMENT
20221109005;Источник;EQUIPMENT
2022128003;Источник;EQUIPMENT
202301170010;станция;EQUIPMENT
20220927006;станция;EQUIPMENT
202304230008-N1;(Сталь);EQUIPMENT
20230619005-N1;Источник;EQUIPMENT
20230406003;трансформатор;EQUIPMENT
20230406003;матрицы;EQUIPMENT
20230406003;электрический;EQUIPMENT
20230630002;матрицы;EQUIPMENT
20230630002;шкаф;EQUIPMENT
202211220002;электроэнергией;EQUIPMENT
202211220002;SVG;EQUIPMENT
202210310002;кабеля;EQUIPMENT
202210310002;Источник;EQUIPMENT
202210310002;станция;EQUIPMENT
20230116002;станция;EQUIPMENT
202212070001-N1;системы управления;EQUIPMENT
202212070001-N1;станция;EQUIPMENT
;шкаф;EQUIPMENT
20230510002;системы управления;EQUIPMENT
202212120001;кабеля;EQUIPMENT
202212120001;станция;EQUIPMENT
202304120006;Источник;EQUIPMENT
202307040016;матрицы;EQUIPMENT
;станция;EQUIPMENT
20230608002;станция;EQUIPMENT
202304110005;станция;EQUIPMENT
20221017003;Источник;EQUIPMENT
20220928002;Источник;EQUIPMENT
20221228002;4,2 МВт;EQUIPMENT
20221228002;матрицы;EQUIPMENT
20221228002;электроэнергией;EQUIPMENT
20221228002;станция;EQUIPMENT
20221228002;4,5 МВт;EQUIPMENT
202210190006-N1;Источник;EQUIPMENT
20230110002;матрицы;EQUIPMENT
20230110002;дороги;EQUIPMENT
20230110002;Источник;EQUIPMENT
20230110002;станция;EQUIPMENT
20221109001;кабеля;EQUIPMENT
20221207001-N2;системы управления;EQUIPMENT
20221207001-N2;станция;EQUIPMENT
202301180001-N1;станция;EQUIPMENT
202304060016;вакуумных переключателей на поверхности KYN61-40.5-2500 A-31.5kA;EQUIPMENT
202304060016;4000A;EQUIPMENT
202304060016;Электрическая цепь / хранилище в КЯН61-40.5-1250 A-31.5kA 90;EQUIPMENT
202304060016;Плюс;EQUIPMENT
202304060016;KYN61-40.5-630 A-31.5kA 2 комплекты для SF6;EQUIPMENT
202304060016;1250A;EQUIPMENT
202304060016;Защитный шкаф 3.;EQUIPMENT
202304060016;Внутренний;EQUIPMENT
202304060016;КЯН61-40.5-1250 A-31.5kA;EQUIPMENT
202304060016;Вакуумный прерыватель 1-го крыла;EQUIPMENT
202304060016;0.5-4000 A-31.5kA;EQUIPMENT
202304060016;Вакуумные блоки для 3-й фазы 3 KYN61-40.5-1600 A-31.5kA;EQUIPMENT
202304060016;Вакуумные блоки для 5-го ступенчатого диапазона;EQUIPMENT
202304060016;2500 A;EQUIPMENT
202304060016;Вход в шкаф;EQUIPMENT
202304060016;устройства и линии связи;EQUIPMENT
202304060016;40.5-4000 A-31.5kA;EQUIPMENT
202304060016;KYN61-40.5-630 A-31.5kA;EQUIPMENT
202304060016;Вакуумный прерыватель на 1-й площадке;EQUIPMENT
202304060016;Устройство 30.;EQUIPMENT
202304060016;KYN61-40.5-1250 A-31.5kA;EQUIPMENT
202304060016;5PT шкаф;EQUIPMENT
202304060016;3150A;EQUIPMENT
202304060016;вакуумные блоки;EQUIPMENT
202304060016;Стены;EQUIPMENT
202304060016;МР;EQUIPMENT
202304060016;Устройство по одному;EQUIPMENT
202304060016;4-го вакуумного прерывателя;EQUIPMENT
202304060016;4SVG/FC;EQUIPMENT
202304060016;KYN61-40.5-1250 A-31.5kA 2 комплекты для SF6;EQUIPMENT
202304060016;Электронный счет 3 наружных щитов;EQUIPMENT
202304060016;место и крышка вакуумного прерывания;EQUIPMENT
202304060016;SF6;EQUIPMENT
202304060016;Внешне кассетное устройство 9;EQUIPMENT
202304060016;SVG;EQUIPMENT
202304060016;(Сталь);EQUIPMENT
202304060016;1600A;EQUIPMENT
202304060016;2000 Am 40;EQUIPMENT
202304060016;Вторичное переваривание;EQUIPMENT
202304060016;шкаф KYN61-40.5-630 A-31.5kA 10;EQUIPMENT
202304060016;2500A;EQUIPMENT
202304060016;630A;EQUIPMENT
202304060016;шкаф;EQUIPMENT
202304060016;электрический;EQUIPMENT
202304060016;Установка приложений;EQUIPMENT
202304060016;меди, в том числе;EQUIPMENT
202304060016;Мониторинг газов;EQUIPMENT
20230524005;электрический;EQUIPMENT
202303160015-N1;Приложение;EQUIPMENT
202304130005;Источник;EQUIPMENT
20230330008;Источник;EQUIPMENT
202301120003-N1;системы управления;EQUIPMENT
202301120003-N1;кабеля;EQUIPMENT
202301120003-N1;станция;EQUIPMENT
202301120003-N1;шкаф;EQUIPMENT
202301120003-N1;электрический;EQUIPMENT
20230606002;ZRC-YJY23;EQUIPMENT
20230606002;ZRC-YJY23-1.8/3kV;EQUIPMENT
20230606002;220 кВ;EQUIPMENT
20230606002;ZRC-YJLY23;EQUIPMENT
20230606002;ZRC-YJLY23-26/35kV;EQUIPMENT
20230606002;кабеля;EQUIPMENT
20230606002;станция;EQUIPMENT
20220926003;Приложение;EQUIPMENT
20220926003;матрицы;EQUIPMENT
20220926003;датчиков;EQUIPMENT
202306120003;станция;EQUIPMENT
20230520002;системы управления;EQUIPMENT
20230520002;Источник;EQUIPMENT
20230520002;станция;EQUIPMENT
202304130001;системы управления;EQUIPMENT
202304130001;станция;EQUIPMENT
202304060018;трансформатор;EQUIPMENT
202304060018;матрицы;EQUIPMENT
202304060018;220 кВ;EQUIPMENT
202304060018;шкаф;EQUIPMENT
20221109002;электрический;EQUIPMENT
20230428003;220 кВ;EQUIPMENT
20230428003;станция;EQUIPMENT
20230207003;электроэнергией;EQUIPMENT
20230207003;станция;EQUIPMENT
202307060012;220 кВ;EQUIPMENT
202307060012;кабеля;EQUIPMENT
202307060012;Источник;EQUIPMENT
202307060012;станция;EQUIPMENT
202307060012;Группа;EQUIPMENT
202307060012;шкаф;EQUIPMENT
20221010005;Источник;EQUIPMENT
20230117006;дороги;EQUIPMENT
20230117006;кабеля;EQUIPMENT
20230117006;станция;EQUIPMENT
20230215002;трансформатор;EQUIPMENT
20230215002;Источник;EQUIPMENT
202303010005;220 кВ;EQUIPMENT
202303010005;станция;EQUIPMENT
202211030003;Приложение;EQUIPMENT
202211030003;системы управления;EQUIPMENT
202211030003;станция;EQUIPMENT
202211230002;трансформатор;EQUIPMENT
202211230002;220 кВ;EQUIPMENT
202211230002;станция;EQUIPMENT
20230703002;Приложение;EQUIPMENT
20230703002;кабеля;EQUIPMENT
20230703002;станция;EQUIPMENT
20230703002;шкаф;EQUIPMENT
202302280007;станция;EQUIPMENT
202302280007;шкаф;EQUIPMENT
20230306009;Внутренний;EQUIPMENT
20230306009;4,5 МВт;EQUIPMENT
20230306009;электрический;EQUIPMENT
20230530003;Источник;EQUIPMENT
20220929001-N1;матрицы;EQUIPMENT
20220929001-N1;дороги;EQUIPMENT
20220929001-N1;перемен;EQUIPMENT
20220929001-N1;станция;EQUIPMENT
20220929005;Внутренний;EQUIPMENT
20220929005;дороги;EQUIPMENT
20220929005;станция;EQUIPMENT
202212010002;Источник;EQUIPMENT
202301050006;ZC-YJLV;EQUIPMENT
202301050006;ZC-YJV;EQUIPMENT
202301050006;кабеля;EQUIPMENT
202211180004;электроэнергией;EQUIPMENT
202211180004;станция;EQUIPMENT
202306120001;Источник;EQUIPMENT
202301110006;Источник;EQUIPMENT
202301280001-N1;шкаф;EQUIPMENT
20230306006;станция;EQUIPMENT
;ZRC-YJY23-0.6/1kV;EQUIPMENT
;ZRC-YJY23-26/353;EQUIPMENT
;высоковольтных кабеля;EQUIPMENT
;ZRC-YJY23;EQUIPMENT
;ZRC-YJY23-1.8/3kV;EQUIPMENT
;4,2 МВт;EQUIPMENT
;ZRC-YJY63-26/351;EQUIPMENT
;высоковольтный электропровод D;EQUIPMENT
;23,2 МВт;EQUIPMENT
;трансформатор;EQUIPMENT
;высоковольтный электропровод;EQUIPMENT
;220 кВ;EQUIPMENT
;ZRC-YJLY23;EQUIPMENT
;ZRC-YJY63;EQUIPMENT
;кабеля;EQUIPMENT
;ZRC-YJY63-0.6/1kV;EQUIPMENT
;SVG;EQUIPMENT
;станция;EQUIPMENT
;4,5 МВт;EQUIPMENT
;ZRC-YJY63-1.8/3kV;EQUIPMENT
20230406002;трансформатор;EQUIPMENT
20230406002;матрицы;EQUIPMENT
20230406002;(Сталь);EQUIPMENT
20230406002;электрический;EQUIPMENT
20221207002;станция;EQUIPMENT
20221208004;станция;EQUIPMENT
202304120002-N1;Источник;EQUIPMENT
20230118003-N1;Источник;EQUIPMENT
202209270005;Группа;EQUIPMENT
202305240014;кабеля;EQUIPMENT
202305240014;станция;EQUIPMENT
20221130004;Источник;EQUIPMENT
202305240011;электрический;EQUIPMENT
202303020010;Источник;EQUIPMENT
20230703005;дороги;EQUIPMENT
20230703005;220 кВ;EQUIPMENT
20230703005;станция;EQUIPMENT
202301130002;системы управления;EQUIPMENT
202301130002;станция;EQUIPMENT
20230410006;станция;EQUIPMENT
20230410006;шкаф;EQUIPMENT
2024).;матрицы;EQUIPMENT
202307130011;станция;EQUIPMENT
20230628001;системы управления;EQUIPMENT
20230628001;датчиков;EQUIPMENT
20230628001;шкаф;EQUIPMENT
202306210002;трансформатор;EQUIPMENT
202306210002;220 кВ;EQUIPMENT
202303280008-N1;станция;EQUIPMENT
202207110006;системы управления;EQUIPMENT
202207110006;станция;EQUIPMENT
202207110006;шкаф;EQUIPMENT
202303010007;Источник;EQUIPMENT
20230706004;шкаф;EQUIPMENT
202212210004;Источник;EQUIPMENT
202303150012;Источник;EQUIPMENT
202303150012;шкаф;EQUIPMENT
20230110003;матрицы;EQUIPMENT
20230110003;дороги;EQUIPMENT
20230110003;Источник;EQUIPMENT
20230110003;станция;EQUIPMENT
202304260004;Источник;EQUIPMENT
2022092003;кабеля;EQUIPMENT
20230106004;дороги;EQUIPMENT
20230106004;шкаф;EQUIPMENT
20230605006;SVG;EQUIPMENT
20230605006;станция;EQUIPMENT
20230207006;Источник;EQUIPMENT
20230519001;кабеля;EQUIPMENT
20230519001;станция;EQUIPMENT
20230118006;Источник;EQUIPMENT
20230705002;6ZR-YJY23-26/35;EQUIPMENT
20230705002;Электропровод 360;EQUIPMENT
20230705002;ZRC-YJY23;EQUIPMENT
20230705002;высоковольтных электропроводов ZRC-YJLY23-26/35;EQUIPMENT
20230705002;Электропровод 260;EQUIPMENT
20230705002;дороги;EQUIPMENT
20230705002;высоковольтный электропровод;EQUIPMENT
20230705002;высоковольтный электропровод ZRC-YJLY23-26/35;EQUIPMENT
20230705002;ZRC-YJLY23;EQUIPMENT
20230705002;SVG возвращается;EQUIPMENT
20230705002;кабеля;EQUIPMENT
20230705002;Перевернуть дорогу;EQUIPMENT
20230705002;SVG;EQUIPMENT
20230705002;станция;EQUIPMENT
20230705002;5ZR-YJY23-26/35;EQUIPMENT
20230705002;высоковольтных электропроводов;EQUIPMENT
20230510001;датчиков;EQUIPMENT
20230510001;станция;EQUIPMENT
20230116007;Источник;EQUIPMENT
;матрицы;EQUIPMENT
202301160009;станция;EQUIPMENT
20230720006;Источник;EQUIPMENT
202301180009-N1;системы управления;EQUIPMENT
202301180009-N1;станция;EQUIPMENT
202307060015;станция;EQUIPMENT
202307060015;шкаф;EQUIPMENT
202307060015;электрический;EQUIPMENT
2023032001;станция;EQUIPMENT
202303280008;станция;EQUIPMENT
20230227002;системы управления;EQUIPMENT
20230227002;Источник;EQUIPMENT
20230510008;станция;EQUIPMENT
20230510008;шкаф;EQUIPMENT
202302160004;шкаф;EQUIPMENT
20230306004;станция;EQUIPMENT
20230110005;трансформатор;EQUIPMENT
20230110005;220 кВ;EQUIPMENT
20230110005;перемен;EQUIPMENT
20230110005;кабеля;EQUIPMENT
20230110005;станция;EQUIPMENT
20230110005;шкаф;EQUIPMENT
20230406001-N1;трансформатор;EQUIPMENT
20230406001-N1;кабеля;EQUIPMENT
20230406001-N1;станция;EQUIPMENT
20230406001-N1;шкаф;EQUIPMENT
20221209002;датчиков;EQUIPMENT
202303200014;кабеля;EQUIPMENT
202303200014;станция;EQUIPMENT
202303200014;Группа;EQUIPMENT
20230403008;датчиков;EQUIPMENT
20230403008;Источник;EQUIPMENT
20230403008;электрический;EQUIPMENT
20230309007-N1;станция;EQUIPMENT
202303210005-N1;Источник;EQUIPMENT
202211030003;Приложение;EQUIPMENT
202211030003;системы управления;EQUIPMENT
202303280005-N1;220 кВ;EQUIPMENT
202303280005-N1;станция;EQUIPMENT
202210310006;трансформатор;EQUIPMENT
202210310006;станция;EQUIPMENT
20230530006;электрический;EQUIPMENT
20230625002;трансформатор;EQUIPMENT
20230316005;Группа;EQUIPMENT
20230316005;шкаф;EQUIPMENT
20230703001;Приложение;EQUIPMENT
20230703001;кабеля;EQUIPMENT
20230703001;станция;EQUIPMENT
20230703001;шкаф;EQUIPMENT
202210180005-N1;электроэнергией;EQUIPMENT
202210180005-N1;системы управления;EQUIPMENT
202210180005-N1;станция;EQUIPMENT
202303130003;Источник;EQUIPMENT
202303160006;Внутренний;EQUIPMENT
202303160006;Внутренний шкаф;EQUIPMENT
202303160006;шкаф;EQUIPMENT
202211210002;трансформатор;EQUIPMENT
202211210002;электрический;EQUIPMENT
20221226004;дороги;EQUIPMENT
20221226004;станция;EQUIPMENT
20230209001;шкаф;EQUIPMENT
202303130004-N1;трансформатор;EQUIPMENT
202303130004-N1;220 кВ;EQUIPMENT
202303130004-N1;датчиков;EQUIPMENT
202303130004-N1;шкаф;EQUIPMENT
20230317003;Источник;EQUIPMENT
20230509004;трансформатор;EQUIPMENT
20230510007;шкаф;EQUIPMENT
20230515006;Приложение;EQUIPMENT
20230515006;трансформатор;EQUIPMENT
20230515006;перемен;EQUIPMENT
20230515006;кабеля;EQUIPMENT
20230515006;Запчасти;EQUIPMENT
20230718004;Источник;EQUIPMENT
20230717005;Ми-10150;EQUIPMENT
20230717005;M25;EQUIPMENT
20230717005;ZR-YJY22-26/35kV-300;EQUIPMENT
20230717005;ZC-YJLV23-26/35kV-300;EQUIPMENT
20230717005;Высоковольтное электроснабжение;EQUIPMENT
20230717005;низковольтных кабелей Ми-187000;EQUIPMENT
20230717005;ZC-YJLV23-1.8/3kV-3;EQUIPMENT
20230717005;M5100;EQUIPMENT
20230717005;220 кВ;EQUIPMENT
20230717005;ZC-YJLV23;EQUIPMENT
20230717005;ZC-YJLV;EQUIPMENT
20230717005;муравьев;EQUIPMENT
20230717005;ZC-YJLV23-26/35kV-3;EQUIPMENT
20230717005;M5250;EQUIPMENT
20230717005;кабеля;EQUIPMENT
20230717005;Ми-32000;EQUIPMENT
20230717005;станция;EQUIPMENT
20230717005;электрический;EQUIPMENT
20230717005;высоковольтное электроснабжение;EQUIPMENT
20230320004;Источник;EQUIPMENT
20220927007;дороги;EQUIPMENT
20220927007;станция;EQUIPMENT
20221024005;станция;EQUIPMENT
20230616002;Группа;EQUIPMENT
20221024003;станция;EQUIPMENT
202306010003;системы управления;EQUIPMENT
20220928003;станция;EQUIPMENT
202304100002;системы управления;EQUIPMENT
202304100002;станция;EQUIPMENT
202304100002;шкаф;EQUIPMENT
202305190019;(Сталь);EQUIPMENT
202305190019;4,5 МВт;EQUIPMENT
20230324003;шкаф;EQUIPMENT
20230406007;станция;EQUIPMENT
202307040022;кабеля;EQUIPMENT
202307040022;электрический;EQUIPMENT
202207250005-N2;электроэнергией;EQUIPMENT
202207250005-N2;SVG;EQUIPMENT
202207250005-N2;станция;EQUIPMENT
202303030004;матрицы;EQUIPMENT
20221129004;системы управления;EQUIPMENT
202208310005-N1;кабеля;EQUIPMENT
202208310005-N1;станция;EQUIPMENT
20230703007;220 кВ;EQUIPMENT
202303160007;матрицы;EQUIPMENT
202303160007;дороги;EQUIPMENT
202303160007;станция;EQUIPMENT
202205170003-N2;Внутренний;EQUIPMENT
20230110004;матрицы;EQUIPMENT
20230110004;дороги;EQUIPMENT
20230110004;Источник;EQUIPMENT
20230110004;станция;EQUIPMENT
202307130006;матрицы;EQUIPMENT
202307130006;станция;EQUIPMENT
202303280007-N1;Источник;EQUIPMENT
202303280007-N1;станция;EQUIPMENT
20230628005;дороги;EQUIPMENT
20230628005;станция;EQUIPMENT
20230625004;дороги;EQUIPMENT
20230717002;ZC-YJLY23;EQUIPMENT
20230717002;535kV, ZC-YJY23-26/35kV -3;EQUIPMENT
20230717002;220 кВ;EQUIPMENT
20230717002;635kV, ZR-YJY-26/35kV-3;EQUIPMENT
20230717002;ZC-YJY23;EQUIPMENT
20230717002;электроэнергией;EQUIPMENT
20230717002;435kV, ZC-YJY23-26/35kV -3;EQUIPMENT
20230717002;муравьев;EQUIPMENT
20230717002;1035kV, ZR-YJY-26/35kV-3;EQUIPMENT
20230717002;кабеля;EQUIPMENT
20230717002;335kV, ZC-YJLY23-26/35kV-3;EQUIPMENT
20230717002;станция;EQUIPMENT
20230717002;электрический;EQUIPMENT
20230119002;системы управления;EQUIPMENT
20230119002;станция;EQUIPMENT
20230329001;Источник;EQUIPMENT
20230309006;станция;EQUIPMENT
202303240001;220 кВ;EQUIPMENT
202303240001;станция;EQUIPMENT
202307050011;трансформатор;EQUIPMENT
202307050011;станция;EQUIPMENT
202307050011;шкаф;EQUIPMENT
202306140011;матрицы;EQUIPMENT
202306140011;дороги;EQUIPMENT
202306140011;станция;EQUIPMENT
202212010006-N1;станция;EQUIPMENT
20230308001;Плюс;EQUIPMENT
202306130003;станция;EQUIPMENT
202306130003;электрический;EQUIPMENT
202307060010;220 кВ;EQUIPMENT
202305310001;(Сталь);EQUIPMENT
20230520003;системы управления;EQUIPMENT
20230520003;станция;EQUIPMENT
202303310003;Источник;EQUIPMENT
20230524009;электрический;EQUIPMENT
202304100003;системы управления;EQUIPMENT
202304100003;станция;EQUIPMENT
202304100003;шкаф;EQUIPMENT
20221208005;станция;EQUIPMENT
202305180004;кабеля;EQUIPMENT
202305180004;станция;EQUIPMENT
202211150006;трансформатор;EQUIPMENT
202211150006;220 кВ;EQUIPMENT
202211150006;станция;EQUIPMENT
202303160003-N1;Источник;EQUIPMENT
20220919008;системы управления;EQUIPMENT
20220919008;станция;EQUIPMENT
202307060013;станция;EQUIPMENT
202306070008-N1;Источник;EQUIPMENT
20221019001;Источник;EQUIPMENT
20230704003;трансформатор;EQUIPMENT
20230704003;220 кВ;EQUIPMENT
20230704003;станция;EQUIPMENT
202304140003-N1;трансформатор;EQUIPMENT
202301050012;трансформатор;EQUIPMENT
202301050012;220 кВ;EQUIPMENT
202301050012;Источник;EQUIPMENT
202303310005;Источник;EQUIPMENT
20230706008;матрицы;EQUIPMENT
20230706008;дороги;EQUIPMENT
20230706008;станция;EQUIPMENT
202306120005;системы управления;EQUIPMENT
202307060016;станция;EQUIPMENT
202307060016;шкаф;EQUIPMENT
202307060016;электрический;EQUIPMENT
202304240017;матрицы;EQUIPMENT
202304240017;дороги;EQUIPMENT
202304240017;220 кВ;EQUIPMENT
202304240017;перемен;EQUIPMENT
202304240017;станция;EQUIPMENT
202304240017;электрический;EQUIPMENT
20230315006;трансформатор;EQUIPMENT
202305100014;Плюс;EQUIPMENT
202305100014;матрицы;EQUIPMENT
202305100014;дороги;EQUIPMENT
202305100014;измерения нагрузки;EQUIPMENT
202305100014;серверные драйверы;EQUIPMENT
202305100014;системы управления;EQUIPMENT
202305100014;датчиков;EQUIPMENT
202305100014;компоненты измерения битов;EQUIPMENT
202305100014;Источник;EQUIPMENT
202305100014;Запчасти;EQUIPMENT
202210240006;станция;EQUIPMENT
20221109003;системы управления;EQUIPMENT
20221109003;станция;EQUIPMENT
20230707001;Источник;EQUIPMENT
202306050003-N1;Источник;EQUIPMENT
202306050003-N1;станция;EQUIPMENT
202301120001-N1;трансформатор;EQUIPMENT
202301120001-N1;Установка приложений;EQUIPMENT
20221020001;станция;EQUIPMENT
20230630004;Источник;EQUIPMENT
20230109003;шкаф;EQUIPMENT
20230607004;трансформатор;EQUIPMENT
20230607004;кабеля;EQUIPMENT
20230607004;SVG;EQUIPMENT
20230607004;станция;EQUIPMENT
20230607004;шкаф;EQUIPMENT
202212080006;ZRC-YJY23-0.6/1kV;EQUIPMENT
202212080006;ZRC-YJY23;EQUIPMENT
202212080006;ZRC-YJY63-26/351;EQUIPMENT
202212080006;Изменить, разделить;EQUIPMENT
202212080006;трансформатор;EQUIPMENT
202212080006;Оптическое давление;EQUIPMENT
202212080006;220 кВ;EQUIPMENT
202212080006;ZRC-YJLY23;EQUIPMENT
202212080006;ZRC-YJLY23-26/35kV;EQUIPMENT
202212080006;перемен;EQUIPMENT
202212080006;ZRC-YJY63;EQUIPMENT
202212080006;высоковольтный кабельный кабель C;EQUIPMENT
202212080006;кабеля;EQUIPMENT
202212080006;ZRC-YJY63-0.6/1kV;EQUIPMENT
202212080006;станция;EQUIPMENT
202212080006;4,5 МВт;EQUIPMENT
202212080006;ZRC-YJY63-26/35kV;EQUIPMENT
202212080006;высоковольтных кабелей;EQUIPMENT
20230110001;дороги;EQUIPMENT
20230110001;станция;EQUIPMENT
202304100012;Приложение;EQUIPMENT
202304100012;Внутренний;EQUIPMENT
202304100012;станция;EQUIPMENT
202304100012;шкаф;EQUIPMENT
20230630003;дороги;EQUIPMENT
20230630003;станция;EQUIPMENT
20221206002;станция;EQUIPMENT
20230606005;Источник;EQUIPMENT
202301130001;системы управления;EQUIPMENT
202301130001;станция;EQUIPMENT
20230705003;станция;EQUIPMENT
202201280003-N3;системы управления;EQUIPMENT
202201280003-N3;станция;EQUIPMENT
20230710001;кабеля;EQUIPMENT
20230710001;станция;EQUIPMENT
20230118002;Внутренний;EQUIPMENT
20230118002;кабеля;EQUIPMENT
2022122001;электроэнергией;EQUIPMENT
2022122001;шкаф;EQUIPMENT
202212080011;кабеля;EQUIPMENT
202212080011;станция;EQUIPMENT
202212080011;шкаф;EQUIPMENT
20230105008;ZRC-YJY23;EQUIPMENT
20230105008;Внутренний кабель ZRC-YJY63-0.6/1-1;EQUIPMENT
20230105008;Внутренний;EQUIPMENT
20230105008;Гидроэлектроэнергия ZRC-YJY23-26/35-3;EQUIPMENT
20230105008;4ZRC-YJY23;EQUIPMENT
20230105008;2ZRC-YJLY23-26/35-3;EQUIPMENT
20230105008;ZRC-YJLY23;EQUIPMENT
20230105008;электроэнергией;EQUIPMENT
20230105008;нижнего давления;EQUIPMENT
20230105008;муравьев;EQUIPMENT
20230105008;ZRC-YJY63;EQUIPMENT
20230105008;Внутренний кабель ZRC-YJY23-1.8/3-3;EQUIPMENT
20230105008;кабеля;EQUIPMENT
20230105008;Ветряная камера;EQUIPMENT
20230105008;1ZRC-YJY63-26/35-1;EQUIPMENT
;Изоляционный плавитель FGRW-40.5/400A блок 100;EQUIPMENT
;Устройство плавления HGRW-40.5KV/200A Группа 1800;EQUIPMENT
;Группа;EQUIPMENT
;630A;EQUIPMENT
;Защитные маски для защиты от ветровой изоляции FDGWS-40.5/630A;EQUIPMENT
202209280013;кабеля;EQUIPMENT
202209280013;станция;EQUIPMENT
20221103002;Источник;EQUIPMENT
20221220001;кабеля;EQUIPMENT
20221220001;станция;EQUIPMENT
20230315003;Источник;EQUIPMENT
202304030004-N1;Источник;EQUIPMENT
20230320008;кабеля;EQUIPMENT
20230320008;станция;EQUIPMENT
20230320008;шкаф;EQUIPMENT
202303280006-N1;220 кВ;EQUIPMENT
202303280006-N1;перемен;EQUIPMENT
202303280006-N1;станция;EQUIPMENT
20221205004-N1;Источник;EQUIPMENT
20221205004-N1;станция;EQUIPMENT
202304060012;Источник;EQUIPMENT
20221010002;станция;EQUIPMENT
20221223001;станция;EQUIPMENT
20221223001;шкаф;EQUIPMENT
20230526003;станция;EQUIPMENT
202303060009-N1;Внутренний;EQUIPMENT
202303060009-N1;станция;EQUIPMENT
202303060009-N1;4,5 МВт;EQUIPMENT
202303060009-N1;электрический;EQUIPMENT
202306140013;матрицы;EQUIPMENT
202306140013;дороги;EQUIPMENT
202306140013;перемен;EQUIPMENT
202306140013;станция;EQUIPMENT
202211280001-N1;Источник;EQUIPMENT
202211280001-N1;электрический;EQUIPMENT
20230414002;трансформатор;EQUIPMENT
20230414002;дороги;EQUIPMENT
20230414002;станция;EQUIPMENT
202210180005-N2;электроэнергией;EQUIPMENT
202210180005-N2;системы управления;EQUIPMENT
202210180005-N2;станция;EQUIPMENT
202210180002-N1;станция;EQUIPMENT
2022127002;дороги;EQUIPMENT
2022127002;220 кВ;EQUIPMENT
2022127002;станция;EQUIPMENT
202210110005;кабеля;EQUIPMENT
202210110005;Путешественники;EQUIPMENT
20230220003-N1;Источник;EQUIPMENT
202307050023;электроэнергией;EQUIPMENT
202307050023;станция;EQUIPMENT
20221215001;станция;EQUIPMENT
20230320002;Источник;EQUIPMENT
20230414001;электроэнергией;EQUIPMENT
20221028001;станция;EQUIPMENT
20230419006;дороги;EQUIPMENT
20230419006;системы управления;EQUIPMENT
20230419006;станция;EQUIPMENT
20230522005;шкаф;EQUIPMENT
202211170001-N1;станция;EQUIPMENT
202303140016;Низкий кабель ZC-YJV22-1.8/3kV-3;EQUIPMENT
202303140016;Внутренний кабель ZC-YJV-8.7/15kV-3;EQUIPMENT
202303140016;Ми-6220;EQUIPMENT
202303140016;Высоковольтное электроснабжение;EQUIPMENT
202303140016;Внутренний;EQUIPMENT
202303140016;Ми-4310;EQUIPMENT
202303140016;ZC-YJLV-26/35kV-3;EQUIPMENT
202303140016;M1050;EQUIPMENT
202303140016;дороги;EQUIPMENT
202303140016;ZC-YJLV;EQUIPMENT
202303140016;муравьев;EQUIPMENT
202303140016;ZC-YJV;EQUIPMENT
202303140016;Ми-3580;EQUIPMENT
202303140016;кабеля;EQUIPMENT
202303140016;станция;EQUIPMENT
202303140016;высоковольтное электроснабжение;EQUIPMENT
202303140016;Ми-7030;EQUIPMENT
202204240004;Группа;EQUIPMENT
20230321005;Источник;EQUIPMENT
202301170011-N1;дороги;EQUIPMENT
20221116001;Установка приложений;EQUIPMENT
202211230005;матрицы;EQUIPMENT
2022122002;шкаф;EQUIPMENT
20220819001-N1;трансформатор;EQUIPMENT
20220819001-N1;датчиков;EQUIPMENT
20230719002;Источник;EQUIPMENT
202209270004;трансформатор;EQUIPMENT
202209270004;шкаф;EQUIPMENT
20230718003;Источник;EQUIPMENT
20221117006;перемен;EQUIPMENT
20230309002-N1;матрицы;EQUIPMENT
20230309002-N1;дороги;EQUIPMENT
20230309002-N1;станция;EQUIPMENT
202303240008;станция;EQUIPMENT
20230605002;системы управления;EQUIPMENT
202211140004;трансформатор;EQUIPMENT
202211140004;перемен;EQUIPMENT
202211140004;станция;EQUIPMENT
202211140004;шкаф;EQUIPMENT
2023024001;Источник;EQUIPMENT
202304280004;матрицы;EQUIPMENT
202304280004;дороги;EQUIPMENT
202304280004;перемен;EQUIPMENT
202304280004;станция;EQUIPMENT
20230605007;электроэнергией;EQUIPMENT
20230605007;системы управления;EQUIPMENT
20230605007;кабеля;EQUIPMENT
20230605007;станция;EQUIPMENT
202209280011;матрицы;EQUIPMENT
202209280011;дороги;EQUIPMENT
202209280011;станция;EQUIPMENT
20230705001;6ZR-YJY23-26/35;EQUIPMENT
20230705001;Электропровод 360;EQUIPMENT
20230705001;ZRC-YJY23;EQUIPMENT
20230705001;высоковольтных электропроводов ZRC-YJLY23-26/35;EQUIPMENT
20230705001;дороги;EQUIPMENT
20230705001;высоковольтный электропровод;EQUIPMENT
20230705001;высоковольтный электропровод ZRC-YJLY23-26/35;EQUIPMENT
20230705001;ZRC-YJLY23;EQUIPMENT
20230705001;кабеля;EQUIPMENT
20230705001;SVG;EQUIPMENT
20230705001;Электропровод ZRC-YJLY23-26/35 3;EQUIPMENT
20230705001;станция;EQUIPMENT
20230705001;5ZR-YJY23-26/35;EQUIPMENT
20230705001;высоковольтных электропроводов;EQUIPMENT
202306070010;Источник;EQUIPMENT
2);дороги;EQUIPMENT
2);кабеля;EQUIPMENT
2);станция;EQUIPMENT
202306020004;трансформатор;EQUIPMENT
202306020004;220 кВ;EQUIPMENT
202306020004;кабеля;EQUIPMENT
202306020004;станция;EQUIPMENT
202306020004;Группа;EQUIPMENT
202306020004;шкаф;EQUIPMENT
20230403002;Источник;EQUIPMENT
;матрицы;EQUIPMENT
;кабеля;EQUIPMENT
;электрический;EQUIPMENT
20230504006;матрицы;EQUIPMENT
20230504006;дороги;EQUIPMENT
20230504006;станция;EQUIPMENT
20230426006;220 кВ;EQUIPMENT
20230426006;SF6;EQUIPMENT
20230426006;станция;EQUIPMENT
20230426006;шкаф;EQUIPMENT
20230426006;электрический;EQUIPMENT
202303270004;Источник;EQUIPMENT
202302160006;станция;EQUIPMENT
202211010001;Источник;EQUIPMENT
202211010001;станция;EQUIPMENT
202211010001;шкаф;EQUIPMENT
20230220001-N1;Источник;EQUIPMENT
20230717006;станция;EQUIPMENT
202212120002;кабеля;EQUIPMENT
202212120002;станция;EQUIPMENT
202209060006-N1;Источник;EQUIPMENT
202209060006-N1;шкаф;EQUIPMENT
20230328004;Источник;EQUIPMENT
20221107002;трансформатор;EQUIPMENT
20221107002;дороги;EQUIPMENT
20221107002;электроэнергией;EQUIPMENT
20221107002;шкаф;EQUIPMENT
202302020004;станция;EQUIPMENT
20221008003;шкаф;EQUIPMENT
202306210003;станция;EQUIPMENT
20230216001;Источник;EQUIPMENT
20230717004;Ми-10150;EQUIPMENT
20230717004;M25;EQUIPMENT
20230717004;ZR-YJY22-26/35kV-300;EQUIPMENT
20230717004;ZC-YJLV23-26/35kV-300;EQUIPMENT
20230717004;Высоковольтное электроснабжение;EQUIPMENT
20230717004;низковольтных кабелей Ми-187000;EQUIPMENT
20230717004;ZC-YJLV23-1.8/3kV-3;EQUIPMENT
20230717004;M5100;EQUIPMENT
20230717004;220 кВ;EQUIPMENT
20230717004;ZC-YJLV23;EQUIPMENT
20230717004;ZC-YJLV;EQUIPMENT
20230717004;муравьев;EQUIPMENT
20230717004;ZC-YJLV23-26/35kV-3;EQUIPMENT
20230717004;M5250;EQUIPMENT
20230717004;кабеля;EQUIPMENT
20230717004;Ми-32000;EQUIPMENT
20230717004;станция;EQUIPMENT
20230717004;электрический;EQUIPMENT
20230717004;высоковольтное электроснабжение;EQUIPMENT
202301120001;трансформатор;EQUIPMENT
202301120001;Источник;EQUIPMENT
202301120001;Установка приложений;EQUIPMENT
20221226005;матрицы;EQUIPMENT
20221226005;дороги;EQUIPMENT
20221226005;станция;EQUIPMENT
20230607003;станция;EQUIPMENT
202212050002-N1;Источник;EQUIPMENT
202307130010;станция;EQUIPMENT
202306280003-N1;Источник;EQUIPMENT
202306280003-N1;Группа;EQUIPMENT
2023052001;станция;EQUIPMENT
202212140002-N1;Источник;EQUIPMENT
20230228003;Внутренний;EQUIPMENT
20230228003;дороги;EQUIPMENT
20230228003;системы управления;EQUIPMENT
20230419003;системы управления;EQUIPMENT
20230410005;системы управления;EQUIPMENT
20230410005;станция;EQUIPMENT
20230410005;шкаф;EQUIPMENT
20230509002;станция;EQUIPMENT
20230309007;станция;EQUIPMENT
20230428005;матрицы;EQUIPMENT
20230428005;дороги;EQUIPMENT
20230428005;перемен;EQUIPMENT
20230428005;станция;EQUIPMENT
20230718005;Источник;EQUIPMENT
2022101100010;станция;EQUIPMENT
20230520007;электроэнергией;EQUIPMENT
20230520007;системы управления;EQUIPMENT
202307110010;датчиков;EQUIPMENT
2023050004;220 кВ;EQUIPMENT
2023050004;станция;EQUIPMENT
2023050004;электрический;EQUIPMENT
20230110007;дороги;EQUIPMENT
20230110007;станция;EQUIPMENT
202304030006;станция;EQUIPMENT
20230510013;станция;EQUIPMENT
20230510013;шкаф;EQUIPMENT
202211230001;Внутренний;EQUIPMENT
202211230001;дороги;EQUIPMENT
202211230001;системы управления;EQUIPMENT
20230629007;кабеля;EQUIPMENT
20230606001;ZRC-YJY23;EQUIPMENT
20230606001;ZRC-YJY23-1.8/3kV;EQUIPMENT
20230606001;220 кВ;EQUIPMENT
20230606001;ZRC-YJLY23;EQUIPMENT
20230606001;ZRC-YJLY23-26/35kV;EQUIPMENT
20230606001;кабеля;EQUIPMENT
20230606001;станция;EQUIPMENT
20230706005;станция;EQUIPMENT
202211230004;Источник;EQUIPMENT
20230628003;Группа;EQUIPMENT
202304240018;кабеля;EQUIPMENT
202304240018;шкаф;EQUIPMENT
202304240018;электрический;EQUIPMENT
20230718007;Источник;EQUIPMENT
202304130004;Источник;EQUIPMENT
20230419005;электрический;EQUIPMENT
202209270003-N1;матрицы;EQUIPMENT
202209270003-N1;Источник;EQUIPMENT
20221214001;системы управления;EQUIPMENT
20221214001;Источник;EQUIPMENT
20221214001;станция;EQUIPMENT
20221214001;шкаф;EQUIPMENT
202210180004;станция;EQUIPMENT
20230606009;трансформатор;EQUIPMENT
20230606009;станция;EQUIPMENT
20230606009;электрический;EQUIPMENT
202307040017;220 кВ;EQUIPMENT
202307040017;станция;EQUIPMENT
202307040017;электрический;EQUIPMENT
202210110009;трансформатор;EQUIPMENT
202210110009;матрицы;EQUIPMENT
202210110009;Источник;EQUIPMENT
20220930004;дороги;EQUIPMENT
20220930004;станция;EQUIPMENT
202305240018;станция;EQUIPMENT
20230220008;Источник;EQUIPMENT
20221228001;4,2 МВт;EQUIPMENT
20221228001;матрицы;EQUIPMENT
20221228001;электроэнергией;EQUIPMENT
20221228001;станция;EQUIPMENT
20221228001;4,5 МВт;EQUIPMENT
202305240008;электрический;EQUIPMENT
202304110002;системы управления;EQUIPMENT
202306150011;Источник;EQUIPMENT
20230214002;Источник;EQUIPMENT
;датчиков;EQUIPMENT
20230704001;Источник;EQUIPMENT
2024);матрицы;EQUIPMENT
202307040019;220 кВ;EQUIPMENT
202307040019;станция;EQUIPMENT
202307040019;электрический;EQUIPMENT
202306020006;дороги;EQUIPMENT
202306020006;кабеля;EQUIPMENT
202306020006;станция;EQUIPMENT
202306020006;шкаф;EQUIPMENT
202301170011;дороги;EQUIPMENT
20230118004;Источник;EQUIPMENT
2023024006;Источник;EQUIPMENT
202303310002;Источник;EQUIPMENT
20221129003;кабеля;EQUIPMENT
20221129003;станция;EQUIPMENT
20221129003;шкаф;EQUIPMENT
20221017002;станция;EQUIPMENT
20230320003;трансформатор;EQUIPMENT
20230320003;станция;EQUIPMENT
20230320003;Группа;EQUIPMENT
2023027004;Источник;EQUIPMENT
202208180001-N1;системы управления;EQUIPMENT
20230119004;Источник;EQUIPMENT
20221115005;трансформатор;EQUIPMENT
20221115005;дороги;EQUIPMENT
20221115005;перемен;EQUIPMENT
20221115005;кабеля;EQUIPMENT
20221115005;SVG;EQUIPMENT
20221115005;станция;EQUIPMENT
20221115005;электрический;EQUIPMENT
202303240006;Источник;EQUIPMENT
202303240006;станция;EQUIPMENT
20221115001;Группа;EQUIPMENT
20230621001;Источник;EQUIPMENT
20230320009;кабеля;EQUIPMENT
20230320009;станция;EQUIPMENT
20230320009;шкаф;EQUIPMENT
20230419002;системы управления;EQUIPMENT
20230605008;Источник;EQUIPMENT
20230605008;станция;EQUIPMENT
20230605008;шкаф;EQUIPMENT
202306250007;Источник;EQUIPMENT
202307050020;станция;EQUIPMENT
202307030004;дороги;EQUIPMENT
202307030004;220 кВ;EQUIPMENT
202307030004;станция;EQUIPMENT
20230620001;220 кВ;EQUIPMENT
20230613002;дороги;EQUIPMENT
20230613002;Источник;EQUIPMENT
202307050018;220 кВ;EQUIPMENT
202307050018;станция;EQUIPMENT
20230504007;матрицы;EQUIPMENT
20230504007;дороги;EQUIPMENT
20230504007;станция;EQUIPMENT
2023030008;шкаф;EQUIPMENT
;перемен;EQUIPMENT
20230509005;трансформатор;EQUIPMENT
20230509005;дороги;EQUIPMENT
20230509005;электрический;EQUIPMENT
202305100012;дороги;EQUIPMENT
202305100012;Источник;EQUIPMENT
202305100012;шкаф;EQUIPMENT
20230317002;Источник;EQUIPMENT
20230316004;трансформатор;EQUIPMENT
20230706006;матрицы;EQUIPMENT
20230706006;дороги;EQUIPMENT
20230706006;станция;EQUIPMENT
;трансформатор;EQUIPMENT
;электрический;EQUIPMENT
202305003;трансформатор;EQUIPMENT
202305003;станция;EQUIPMENT
202304110006;220 кВ;EQUIPMENT
202304110006;системы управления;EQUIPMENT
202304110006;станция;EQUIPMENT
202304110006;Запчасти;EQUIPMENT
20230710007-N1;Источник;EQUIPMENT
202211250002-N1;станция;EQUIPMENT
20230515005;Источник;EQUIPMENT
20230626001;станция;EQUIPMENT
202210110006-N1;станция;EQUIPMENT
202304120002;Источник;EQUIPMENT
202210110010;станция;EQUIPMENT
20221019002;системы управления;EQUIPMENT
20221019002;станция;EQUIPMENT
20230105002-N1;станция;EQUIPMENT
202209190004-N1;станция;EQUIPMENT
20230110010;системы управления;EQUIPMENT
20230110010;Источник;EQUIPMENT
20230110010;станция;EQUIPMENT
20221228008;системы управления;EQUIPMENT
202303140013;220 кВ;EQUIPMENT
20220927004;трансформатор;EQUIPMENT
20220927004;шкаф;EQUIPMENT
20220928005;Источник;EQUIPMENT
202305180006;шкаф;EQUIPMENT
20230303007;шкаф;EQUIPMENT
202301060002;трансформатор;EQUIPMENT
202301060002;220 кВ;EQUIPMENT
202301060002;станция;EQUIPMENT
202301060002;шкаф;EQUIPMENT
202211170007-N1;системы управления;EQUIPMENT
202211170007-N1;станция;EQUIPMENT
202211170007-N1;шкаф;EQUIPMENT
202211170007-N1;электрический;EQUIPMENT
202211240004;станция;EQUIPMENT
20230320005;трансформатор;EQUIPMENT
20230320005;перемен;EQUIPMENT
20230320005;кабеля;EQUIPMENT
20230320005;станция;EQUIPMENT
20230320005;шкаф;EQUIPMENT
20230223001;220 кВ;EQUIPMENT
20230223001;станция;EQUIPMENT
20230710004;трансформатор;EQUIPMENT
20230710004;матрицы;EQUIPMENT
20221019006;Источник;EQUIPMENT
20230117001;Источник;EQUIPMENT
202212080012;220 кВ;EQUIPMENT
202212080012;системы управления;EQUIPMENT
202212080012;станция;EQUIPMENT
202211110004;Источник;EQUIPMENT
20230615001;Источник;EQUIPMENT
202305240003;электрический;EQUIPMENT
20230309002;матрицы;EQUIPMENT
20230309002;дороги;EQUIPMENT
20230309002;станция;EQUIPMENT
20221009001;станция;EQUIPMENT
202301120004;перемен;EQUIPMENT
202301120004;системы управления;EQUIPMENT
202302170002;трансформатор;EQUIPMENT
202302170002;станция;EQUIPMENT
202302170002;шкаф;EQUIPMENT
20230705004;системы управления;EQUIPMENT
2);электроэнергией;EQUIPMENT
2);станция;EQUIPMENT
202305310002;высоковольтных электропроводов ZC-YJV22-26/35kV-3;EQUIPMENT
202305310002;высоковольтных электропроводов ZC-YJLV22-26/35kV-3;EQUIPMENT
202305310002;высоковольтный электропровод;EQUIPMENT
202305310002;ZC-YJLV;EQUIPMENT
202305310002;перемен;EQUIPMENT
202305310002;ZC-YJV;EQUIPMENT
202305310002;кабеля;EQUIPMENT
202305310002;SVG;EQUIPMENT
202305310002;станция;EQUIPMENT
202305310002;высоковольтных электропроводов;EQUIPMENT
20230208001;Источник;EQUIPMENT
20230227003;Источник;EQUIPMENT
202209220003;кабеля;EQUIPMENT
20230704005;трансформатор;EQUIPMENT
20230704005;станция;EQUIPMENT
20230704005;электрический;EQUIPMENT
20230505004;220 кВ;EQUIPMENT
20230505004;станция;EQUIPMENT
20230505004;электрический;EQUIPMENT
20221018005;системы управления;EQUIPMENT
20221018005;станция;EQUIPMENT
20221012002;Источник;EQUIPMENT
202305240004;электрический;EQUIPMENT
202209190009-N1;4,2 МВт;EQUIPMENT
202209190009-N1;дороги;EQUIPMENT
202209190009-N1;электроэнергией;EQUIPMENT
202209190009-N1;4,5 МВт;EQUIPMENT
20230410009;Приложение;EQUIPMENT
20230410009;системы управления;EQUIPMENT
20230410009;станция;EQUIPMENT
20230410009;шкаф;EQUIPMENT
20221025001;Источник;EQUIPMENT
20221018007;Источник;EQUIPMENT
20230220001;Источник;EQUIPMENT
202212010004;кабеля;EQUIPMENT
202304240013;станция;EQUIPMENT
20230518003;трансформатор;EQUIPMENT
20230518003;ZC-YJLV;EQUIPMENT
20230518003;перемен;EQUIPMENT
20230518003;ZC-YJV;EQUIPMENT
20230518003;кабеля;EQUIPMENT
20230518003;станция;EQUIPMENT
20230613001;Источник;EQUIPMENT
202303140004;станция;EQUIPMENT
20230417001;кабеля;EQUIPMENT
202303150008-N1;станция;EQUIPMENT
20230711002;шкаф;EQUIPMENT
202307110006;трансформатор;EQUIPMENT
202307110006;дороги;EQUIPMENT
202307110006;220 кВ;EQUIPMENT
20221208002;датчиков;EQUIPMENT
20221208002;шкаф;EQUIPMENT
20230717009;Внутренний;EQUIPMENT
20230717009;трансформатор;EQUIPMENT
20230717009;дороги;EQUIPMENT
20230717009;220 кВ;EQUIPMENT
20230717009;Стены;EQUIPMENT
20230717009;станция;EQUIPMENT
20230717009;шкаф;EQUIPMENT
20230717009;электрический;EQUIPMENT
202307130009;матрицы;EQUIPMENT
202307130009;станция;EQUIPMENT
202210210002;системы управления;EQUIPMENT
202210210002;(Сталь);EQUIPMENT
202210210002;шкаф;EQUIPMENT
202210310002-N1;кабеля;EQUIPMENT
202210310002-N1;станция;EQUIPMENT
202301170012;электроэнергией;EQUIPMENT
202304130011;шкаф;EQUIPMENT
20230307001;трансформатор;EQUIPMENT
20230324005;системы управления;EQUIPMENT
20230324005;шкаф;EQUIPMENT
202212080009;низковольтных электропроводов ZC-YJY23-1.8/3kV3;EQUIPMENT
202212080009;4,2 МВт;EQUIPMENT
202212080009;ZC-YJLY23;EQUIPMENT
202212080009;220 кВ;EQUIPMENT
202212080009;ZC-YJY23;EQUIPMENT
202212080009;высоковольтный кабель ZC-YJLY23-26/35kV3;EQUIPMENT
202212080009;ZC-YJY63-26/351;EQUIPMENT
202212080009;ZC-YJLY23-26/35kV3;EQUIPMENT
202212080009;кабеля;EQUIPMENT
202212080009;станция;EQUIPMENT
202212080009;ZC-YJY63;EQUIPMENT
202212080009;ZC-YJY23-26/353;EQUIPMENT
202212080009;высоковольтных кабелей;EQUIPMENT
202305150003;Источник;EQUIPMENT
202303150014;датчиков;EQUIPMENT
20221020004;дороги;EQUIPMENT
20221020004;шкаф;EQUIPMENT
20221117007;Источник;EQUIPMENT
20221117007;станция;EQUIPMENT
202209280012-N1;матрицы;EQUIPMENT
202209280012-N1;дороги;EQUIPMENT
202209280012-N1;станция;EQUIPMENT
202208170001-N1;220 кВ;EQUIPMENT
202208170001-N1;кабеля;EQUIPMENT
202208170001-N1;станция;EQUIPMENT
20221109004;системы управления;EQUIPMENT
20221115008;220 кВ;EQUIPMENT
20221115008;SVG;EQUIPMENT
202303200010;кабеля;EQUIPMENT
202303200010;станция;EQUIPMENT
202303200010;шкаф;EQUIPMENT
20230119001;трансформатор;EQUIPMENT
20230119001;станция;EQUIPMENT
20230605004;Источник;EQUIPMENT
202211080003-N1;Источник;EQUIPMENT
20230208002;дороги;EQUIPMENT
20230208002;системы управления;EQUIPMENT
202211140008-N1;Источник;EQUIPMENT
202211140008-N1;шкаф;EQUIPMENT
20221026005;Источник;EQUIPMENT
20220926002;Внутренний;EQUIPMENT
20220926002;трансформатор;EQUIPMENT
20220926002;станция;EQUIPMENT
20230509003;трансформатор;EQUIPMENT
202305190018;(Сталь);EQUIPMENT
202305190018;4,5 МВт;EQUIPMENT
20230608006;трансформатор;EQUIPMENT
20230608006;дороги;EQUIPMENT
20230608006;системы управления;EQUIPMENT
20230608006;шкаф;EQUIPMENT
202307170011;трансформатор;EQUIPMENT
202303200013;Внутренний;EQUIPMENT
202303200013;кабеля;EQUIPMENT
202303200013;станция;EQUIPMENT
202303200013;электрический;EQUIPMENT
20220926001;трансформатор;EQUIPMENT
20230220004;Источник;EQUIPMENT
20230220004;станция;EQUIPMENT
202303140014-N1;Источник;EQUIPMENT
20230117007;дороги;EQUIPMENT
20230227005;трансформатор;EQUIPMENT
20230227005;матрицы;EQUIPMENT
20230227005;перемен;EQUIPMENT
20230227005;станция;EQUIPMENT
20230227005;4,5 МВт;EQUIPMENT
20230227005;шкаф;EQUIPMENT
20230227005;электрический;EQUIPMENT
20230118001;Источник;EQUIPMENT
20230118001;станция;EQUIPMENT
20230407004;Источник;EQUIPMENT
202304210001;Источник;EQUIPMENT
20230303005;матрицы;EQUIPMENT
202306120004;Источник;EQUIPMENT
202306120004;шкаф;EQUIPMENT
20230615008;Источник;EQUIPMENT
20230309001;системы управления;EQUIPMENT
202209060004-N1;станция;EQUIPMENT
202209060004-N1;шкаф;EQUIPMENT
202301110001;матрицы;EQUIPMENT
202301110001;дороги;EQUIPMENT
202301110001;Источник;EQUIPMENT
202301110001;станция;EQUIPMENT
202209200006-N1;станция;EQUIPMENT
20221125001;дороги;EQUIPMENT
20221125001;системы управления;EQUIPMENT
20230714002;станция;EQUIPMENT
20230302001;Источник;EQUIPMENT
202305240010;электрический;EQUIPMENT
202210310005;трансформатор;EQUIPMENT
;(Сталь);EQUIPMENT
;станция;EQUIPMENT
202303160016;Источник;EQUIPMENT
202303160016;станция;EQUIPMENT
20230423008;(Сталь);EQUIPMENT
20230510005;Приложение;EQUIPMENT
20230510005;Источник;EQUIPMENT
20230510005;станция;EQUIPMENT
20221205003;Источник;EQUIPMENT
202205120001-N1;трансформатор;EQUIPMENT
202205120001-N1;системы управления;EQUIPMENT
20220909008;системы управления;EQUIPMENT
20220909008;станция;EQUIPMENT
20230303002;датчиков;EQUIPMENT
202304240014;станция;EQUIPMENT
2022128007;матрицы;EQUIPMENT
2022128007;220 кВ;EQUIPMENT
2022128007;станция;EQUIPMENT
2022128007;шкаф;EQUIPMENT
20230608003;станция;EQUIPMENT
20230601002;шкаф;EQUIPMENT
20230309003;Источник;EQUIPMENT
202210120001;станция;EQUIPMENT
202210120001;Группа;EQUIPMENT
202207190012;кабеля;EQUIPMENT
202207190012;станция;EQUIPMENT
20230713005;матрицы;EQUIPMENT
20230713005;станция;EQUIPMENT
2022110002;матрицы;EQUIPMENT
2022110002;дороги;EQUIPMENT
2022110002;220 кВ;EQUIPMENT
2022110002;кабеля;EQUIPMENT
20221208001;шкаф;EQUIPMENT
202211110002;Источник;EQUIPMENT
20220929001;матрицы;EQUIPMENT
20220929001;дороги;EQUIPMENT
20220929001;перемен;EQUIPMENT
20220929001;станция;EQUIPMENT
20230303009;системы управления;EQUIPMENT
20230303009;станция;EQUIPMENT
20221280004;Внутренний;EQUIPMENT
20221280004;дороги;EQUIPMENT
20221280004;220 кВ;EQUIPMENT
20221280004;электроэнергией;EQUIPMENT
20230530002;Внутренний;EQUIPMENT
20230530002;матрицы;EQUIPMENT
20230530002;станция;EQUIPMENT
20230530002;шкаф;EQUIPMENT
202211010004;датчиков;EQUIPMENT
202211010004;SF6;EQUIPMENT
202211010004;электрический;EQUIPMENT
20230324004;Источник;EQUIPMENT
202306150009-N1;Источник;EQUIPMENT
202305300002;Внутренний;EQUIPMENT
202305300002;матрицы;EQUIPMENT
202305300002;станция;EQUIPMENT
202305300002;шкаф;EQUIPMENT
20230425002;ZRC-YJLY23-26/35-3x400;EQUIPMENT
20230425002;высоковольтных электропроводов ZRC-YJLY23-26/35-3x120;EQUIPMENT
20230425002;ZRC-YJY23;EQUIPMENT
20230425002;высоковольтных электропроводов ZRC-YJLY23-26/35-3x500;EQUIPMENT
20230425002;высоковольтных электропроводов ZRC-YJLY23-26/35;EQUIPMENT
20230425002;ZRC-YJLY23-26/35-3x240;EQUIPMENT
20230425002;высоковольтных электропроводов M650;EQUIPMENT
20230425002;ZRC-YJLY23-26/35-3x95;EQUIPMENT
20230425002;высоковольтных электропроводов M310;EQUIPMENT
20230425002;высоковольтный электропровод;EQUIPMENT
20230425002;высоковольтный электропровод M8900;EQUIPMENT
20230425002;низковольтных кабелей ZRC-YJY23-1.8/3-3x300;EQUIPMENT
20230425002;ZRC-YJLY23;EQUIPMENT
20230425002;ZRC-YJY23-26/35-3x400;EQUIPMENT
20230425002;станция;EQUIPMENT
20230425002;высоковольтных электропроводов M1100;EQUIPMENT
20230425002;высоковольтных электропроводов;EQUIPMENT
20230425002;высоковольтных электропроводов M1750;EQUIPMENT
20230425002;электрический;EQUIPMENT
20230704002;трансформатор;EQUIPMENT
20230704002;220 кВ;EQUIPMENT
20230704002;станция;EQUIPMENT
20220720002-N2;станция;EQUIPMENT
202206150001-N1;220 кВ;EQUIPMENT
202206150001-N1;станция;EQUIPMENT
202206150001-N1;электрический;EQUIPMENT
202304250006-N1;системы управления;EQUIPMENT
20230710002;кабеля;EQUIPMENT
20230710002;станция;EQUIPMENT
202304250007;станция;EQUIPMENT
20230704006;Внутренний;EQUIPMENT
20230704006;трансформатор;EQUIPMENT
20230704006;системы управления;EQUIPMENT
20230704006;Внутренний шкаф;EQUIPMENT
20230704006;шкаф;EQUIPMENT
202307040018;220 кВ;EQUIPMENT
202307040018;станция;EQUIPMENT
202307040018;электрический;EQUIPMENT
202304140001-N1;электроэнергией;EQUIPMENT
202209280010;4,2 МВт;EQUIPMENT
202209280010;матрицы;EQUIPMENT
202209280010;дороги;EQUIPMENT
202209280010;станция;EQUIPMENT
202209280010;4,5 МВт;EQUIPMENT
20230506002;трансформатор;EQUIPMENT
20230506002;дороги;EQUIPMENT
20230506002;резервный источник питания;EQUIPMENT
20230506002;220 кВ;EQUIPMENT
20230506002;кабеля;EQUIPMENT
20230506002;SVG;EQUIPMENT
20230506002;станция;EQUIPMENT
20230506002;Группа;EQUIPMENT
20230506002;шкаф;EQUIPMENT
20230529003;трансформатор;EQUIPMENT
20230529003;SVG;EQUIPMENT
202307040011;матрицы;EQUIPMENT
20221107001;трансформатор;EQUIPMENT
20221107001;дороги;EQUIPMENT
20221107001;электроэнергией;EQUIPMENT
20221107001;шкаф;EQUIPMENT
20230316009;матрицы;EQUIPMENT
20230316009;дороги;EQUIPMENT
20230316009;станция;EQUIPMENT
20221018001;Источник;EQUIPMENT
20230710009;По каждому набору;EQUIPMENT
20230710009;шкафов для высоковольтных шлюзов в рамках проекта Hydong Kong;EQUIPMENT
20230710009;"±65Mvar; нейтральная форма узла: место сопротивления.";EQUIPMENT
20230710009;KYN61-40.5-1250 A,;EQUIPMENT
20230710009;Наружное устройство;EQUIPMENT
20230710009;4000A;EQUIPMENT
20230710009;Перегрузка: 4000 A;EQUIPMENT
20230710009;низковольтных шкафов электрического давления: 380;EQUIPMENT
20230710009;электрические линии и резервные проводы KYN61-40.5-1250 A вакуумные переключатели,;EQUIPMENT
20230710009;Содержащиеся в приложении к установке;EQUIPMENT
20230710009;1250A;EQUIPMENT
20230710009;5SVG 1;EQUIPMENT
20230710009;бронзовых линий;EQUIPMENT
20230710009;Внутренний;EQUIPMENT
20230710009;контрольно-измерительных устройств;EQUIPMENT
20230710009;Изоляционный провод на стене и установка приложений;EQUIPMENT
20230710009;Утечка газа SF6 в Интернете для разлива газа SF6 в закрытом устройстве 35kV;EQUIPMENT
20230710009;бронзовые проводники, которые должны быть;EQUIPMENT
20230710009;низковольтных шкафов электрического давления;EQUIPMENT
20230710009;коммутаторов 4;EQUIPMENT
20230710009;35 кВ, электрический ток 4000А;EQUIPMENT
20230710009;Главная шкаф KYN61-40.5-4000A, вакуумные блоки;EQUIPMENT
20230710009;вакуумный блок;EQUIPMENT
20230710009;матрицы;EQUIPMENT
20230710009;KYN61-40.5-4000A,1;EQUIPMENT
20230710009;место и вокзал KYN61-40.5-1250 A, вакуумные блоки 2;EQUIPMENT
20230710009;Электрическая линия и линия хранения энергии KYN61-40.5-1250 A,;EQUIPMENT
20230710009;Ветряные коммутаторы с осью;EQUIPMENT
20230710009;5SVG шкаф SF6;EQUIPMENT
20230710009;35kV Убежище с электрическим счетчиком и ключом к подключению;EQUIPMENT
20230710009;Внутренний шкаф;EQUIPMENT
20230710009;место и крышка вакуумного прерывания 2;EQUIPMENT
20230710009;вакуумные блоки;EQUIPMENT
20230710009;Стены;EQUIPMENT
20230710009;датчиков;EQUIPMENT
20230710009;Изоляция стенки и установочные приложения с шкафом M90;EQUIPMENT
20230710009;Стены 3;EQUIPMENT
20230710009;место и крышка вакуумного прерывания;EQUIPMENT
20230710009;SF6;EQUIPMENT
20230710009;SVG;EQUIPMENT
20230710009;1600A;EQUIPMENT
20230710009;Изоляционный провод на стене и установка приложений, а также шкаф с шкафом Ми60;EQUIPMENT
20230710009;KYN61-40,51 и 2-е пищеварение;EQUIPMENT
20230710009;Путешественники;EQUIPMENT
20230710009;KYN61-40.5-1600A;EQUIPMENT
20230710009;шкаф;EQUIPMENT
20230710009;электрический;EQUIPMENT
20230710009;шкаф с шкафом Ми60;EQUIPMENT
20221102001;Источник;EQUIPMENT
20230314003;Источник;EQUIPMENT
20221020007-N1;электрический;EQUIPMENT
20221019007;системы управления;EQUIPMENT
20221019007;станция;EQUIPMENT
20221121001;220 кВ;EQUIPMENT
20221121001;кабеля;EQUIPMENT
20221121001;станция;EQUIPMENT
20220906002-N1;Внутренний;EQUIPMENT
20230426007;220 кВ;EQUIPMENT
20230426007;SF6;EQUIPMENT
20230426007;станция;EQUIPMENT
20230426007;шкаф;EQUIPMENT
20230426007;электрический;EQUIPMENT
20230410008;Приложение;EQUIPMENT
20230410008;системы управления;EQUIPMENT
20230410008;станция;EQUIPMENT
20230410008;шкаф;EQUIPMENT
202301190006;Источник;EQUIPMENT
202301190006;станция;EQUIPMENT
20221027003;Источник;EQUIPMENT
202305110004;станция;EQUIPMENT
202303020004;станция;EQUIPMENT
202303020004;электрический;EQUIPMENT
20221124002;Источник;EQUIPMENT
20221008002;шкаф;EQUIPMENT
20230523001;трансформатор;EQUIPMENT
20230523001;Источник;EQUIPMENT
202305160010;ZRC-YJY23;EQUIPMENT
202305160010;ZRC-YJY23-1.8/3kV;EQUIPMENT
202305160010;220 кВ;EQUIPMENT
202305160010;кабеля;EQUIPMENT
202305160010;станция;EQUIPMENT
202305160010;Группа;EQUIPMENT
20230706003;станция;EQUIPMENT
20230706003;шкаф;EQUIPMENT
20230426003;трансформатор;EQUIPMENT
20230426003;220 кВ;EQUIPMENT
202209280012;матрицы;EQUIPMENT
202209280012;дороги;EQUIPMENT
202209280012;станция;EQUIPMENT
202212020004;станция;EQUIPMENT
202307130008;матрицы;EQUIPMENT
202307130008;станция;EQUIPMENT
202304060014;вакуумных переключателей на поверхности KYN61-40.5-2500 A-31.5kA;EQUIPMENT
202304060014;4000A;EQUIPMENT
202304060014;Электрическая цепь / хранилище в КЯН61-40.5-1250 A-31.5kA 90;EQUIPMENT
202304060014;KYN61-40.5-630 A-31.5kA 2 комплекты для SF6;EQUIPMENT
202304060014;1250A;EQUIPMENT
202304060014;Защитный шкаф 3.;EQUIPMENT
202304060014;Внутренний;EQUIPMENT
202304060014;КЯН61-40.5-1250 A-31.5kA;EQUIPMENT
202304060014;Вакуумный прерыватель 1-го крыла;EQUIPMENT
202304060014;0.5-4000 A-31.5kA;EQUIPMENT
202304060014;Вакуумные блоки для 3-й фазы 3 KYN61-40.5-1600 A-31.5kA;EQUIPMENT
202304060014;Вакуумные блоки для 5-го ступенчатого диапазона;EQUIPMENT
202304060014;2500 A;EQUIPMENT
202304060014;Вход в шкаф;EQUIPMENT
202304060014;устройства и линии связи;EQUIPMENT
202304060014;40.5-4000 A-31.5kA;EQUIPMENT
202304060014;KYN61-40.5-630 A-31.5kA;EQUIPMENT
202304060014;Вакуумный прерыватель на 1-й площадке;EQUIPMENT
202304060014;Устройство 30.;EQUIPMENT
202304060014;KYN61-40.5-1250 A-31.5kA;EQUIPMENT
202304060014;5PT шкаф;EQUIPMENT
202304060014;3150A;EQUIPMENT
202304060014;вакуумные блоки;EQUIPMENT
202304060014;Устройство по одному;EQUIPMENT
202304060014;4-го вакуумного прерывателя;EQUIPMENT
202304060014;4SVG/FC;EQUIPMENT
202304060014;KYN61-40.5-1250 A-31.5kA 2 комплекты для SF6;EQUIPMENT
202304060014;место и крышка вакуумного прерывания;EQUIPMENT
202304060014;SF6;EQUIPMENT
202304060014;Внешне кассетное устройство 9;EQUIPMENT
202304060014;SVG;EQUIPMENT
202304060014;1600A;EQUIPMENT
202304060014;2000 Am 40;EQUIPMENT
202304060014;Вторичное переваривание;EQUIPMENT
202304060014;шкаф KYN61-40.5-630 A-31.5kA 10;EQUIPMENT
202304060014;2500A;EQUIPMENT
202304060014;630A;EQUIPMENT
202304060014;шкаф;EQUIPMENT
202304060014;электрический;EQUIPMENT
202304060014;Установка приложений;EQUIPMENT
202304060014;меди, в том числе;EQUIPMENT
202304060014;Мониторинг газов;EQUIPMENT
20230316008;матрицы;EQUIPMENT
20230316008;дороги;EQUIPMENT
20230316008;станция;EQUIPMENT
20221220003;шкаф;EQUIPMENT
202301180007;220 кВ;EQUIPMENT
202301180007;станция;EQUIPMENT
202211030004;датчиков;EQUIPMENT
202211030004;шкаф;EQUIPMENT
20230426005;Источник;EQUIPMENT
202307040024;(Сталь);EQUIPMENT
202307040024;электрический;EQUIPMENT
20230425001;Внутренний;EQUIPMENT
20230425001;(Сталь);EQUIPMENT
202304130004-N1;Источник;EQUIPMENT
202307040020;220 кВ;EQUIPMENT
202307040020;станция;EQUIPMENT
202307040020;электрический;EQUIPMENT
20220720002-N3;станция;EQUIPMENT
20220906005-N1;Источник;EQUIPMENT
20220906005-N1;шкаф;EQUIPMENT
202210110003;Источник;EQUIPMENT
20230329004;трансформатор;EQUIPMENT
20230329004;дороги;EQUIPMENT
20230329004;электроэнергией;EQUIPMENT
20230329004;станция;EQUIPMENT
202305100010;Источник;EQUIPMENT
202305100010;шкаф;EQUIPMENT
20230630001;шкаф;EQUIPMENT
20221116007;Источник;EQUIPMENT
;дороги;EQUIPMENT
;станция;EQUIPMENT
202304060019;трансформатор;EQUIPMENT
202304060019;матрицы;EQUIPMENT
202304060019;шкаф;EQUIPMENT
202301280001-N2;шкаф;EQUIPMENT
20230713002;Группа;EQUIPMENT
20230530004;Источник;EQUIPMENT
20230220010;электроэнергией;EQUIPMENT
20230220010;станция;EQUIPMENT
20230410007;станция;EQUIPMENT
20230410007;шкаф;EQUIPMENT
202307110007;трансформатор;EQUIPMENT
202307110007;220 кВ;EQUIPMENT
202307050010;трансформатор;EQUIPMENT
202307050010;станция;EQUIPMENT
202307050010;шкаф;EQUIPMENT
20230706001;станция;EQUIPMENT
20230629005;Группа;EQUIPMENT
20230303003;матрицы;EQUIPMENT
20230602001;Источник;EQUIPMENT
202303280006;220 кВ;EQUIPMENT
202303280006;перемен;EQUIPMENT
202303280006;станция;EQUIPMENT
20220926007-N1;системы управления;EQUIPMENT
20220926007-N1;станция;EQUIPMENT
202303140015;Высоковольтное электроснабжение;EQUIPMENT
202303140015;Внутренний;EQUIPMENT
202303140015;ZC-YJLY23;EQUIPMENT
202303140015;трансформатор;EQUIPMENT
202303140015;ZC-YJY23;EQUIPMENT
202303140015;электроэнергией;EQUIPMENT
202303140015;муравьев;EQUIPMENT
202303140015;кабеля;EQUIPMENT
202303140015;(Сталь);EQUIPMENT
20230720001;(Сталь);EQUIPMENT
20230516008;ZRC-YJY23;EQUIPMENT
20230516008;ZRC-YJY23-1.8/3kV;EQUIPMENT
20230516008;220 кВ;EQUIPMENT
20230516008;кабеля;EQUIPMENT
20230516008;станция;EQUIPMENT
20230516008;Группа;EQUIPMENT
20230203001;трансформатор;EQUIPMENT
20230203001;станция;EQUIPMENT
20230203001;шкаф;EQUIPMENT
20230203001;электрический;EQUIPMENT
202305240006;электрический;EQUIPMENT
;Источник;EQUIPMENT
20230307001-N1;трансформатор;EQUIPMENT
202304140003;трансформатор;EQUIPMENT
202303150004;системы управления;EQUIPMENT
202303150004;станция;EQUIPMENT
20230705005;кабеля;EQUIPMENT
20230705005;SVG;EQUIPMENT
20230705005;станция;EQUIPMENT
20230705005;шкаф;EQUIPMENT
;матрицы;EQUIPMENT
;станция;EQUIPMENT
20230227006;трансформатор;EQUIPMENT
20230227006;220 кВ;EQUIPMENT
20230227006;Источник;EQUIPMENT
20230227006;станция;EQUIPMENT
20230227006;шкаф;EQUIPMENT
20230629006;220 кВ;EQUIPMENT
20230629006;электроэнергией;EQUIPMENT
20230629006;станция;EQUIPMENT
20221221003;датчиков;EQUIPMENT
202305310004;M25;EQUIPMENT
202305310004;трансформатор;EQUIPMENT
202305310004;высоковольтный электропровод;EQUIPMENT
202305310004;220 кВ;EQUIPMENT
202305310004;ZC-YJLV;EQUIPMENT
202305310004;ZC-YJV;EQUIPMENT
202305310004;кабеля;EQUIPMENT
202305310004;высоковольтных электропроводов;EQUIPMENT
202305310004;электрический;EQUIPMENT
20230606006;Приложение;EQUIPMENT
202303230004;трансформатор;EQUIPMENT
202303230004;220 кВ;EQUIPMENT
202303230004;электрический;EQUIPMENT
20230614003;матрицы;EQUIPMENT
20230614003;SF6;EQUIPMENT
20230615004;Источник;EQUIPMENT
202307040023;кабеля;EQUIPMENT
202307040023;электрический;EQUIPMENT
20230720002;шкаф;EQUIPMENT
202301050009;перемен;EQUIPMENT
20230425005;Источник;EQUIPMENT
202303130005;Источник;EQUIPMENT
202303160015;Приложение;EQUIPMENT
20230314006;(Сталь);EQUIPMENT
2023020005;Источник;EQUIPMENT
20221116009;станция;EQUIPMENT
20230530007;датчиков;EQUIPMENT
20230530007;Источник;EQUIPMENT
202302160003;SF6;EQUIPMENT
202302160003;станция;EQUIPMENT
20220927003;матрицы;EQUIPMENT
202304130005-N1;Источник;EQUIPMENT
202303200011;дороги;EQUIPMENT
202303200011;станция;EQUIPMENT
20221010002-N1;станция;EQUIPMENT
202307060011;220 кВ;EQUIPMENT
202307060011;кабеля;EQUIPMENT
20230425003;высоковольтных электропроводов ZRC-YJLY23-26/35;EQUIPMENT
20230425003;трансформатор;EQUIPMENT
20230425003;резервный источник питания;EQUIPMENT
20230425003;ZRC-YJLY23;EQUIPMENT
20230425003;ZRC-YJLY23-26/35kV;EQUIPMENT
20230425003;кабеля;EQUIPMENT
20230425003;Источник;EQUIPMENT
20230425003;станция;EQUIPMENT
20230425003;высоковольтных электропроводов;EQUIPMENT
20230425003;электрический;EQUIPMENT
20230425003;Высоковольтный электропровод ZRC-YJLY23-26/35kV-3;EQUIPMENT
20220920003-N1;электрический;EQUIPMENT
20221020003;трансформатор;EQUIPMENT
20221020003;электрический;EQUIPMENT
20220929003;Группа;EQUIPMENT
20230605003;станция;EQUIPMENT
20230306005;станция;EQUIPMENT
202303240010;станция;EQUIPMENT
202307210005;дороги;EQUIPMENT
202307210005;станция;EQUIPMENT
202302270002-N1;системы управления;EQUIPMENT
202302270002-N1;Источник;EQUIPMENT
20230510001-N1;датчиков;EQUIPMENT
20230510001-N1;станция;EQUIPMENT
20230404001;станция;EQUIPMENT
20230404001;шкаф;EQUIPMENT
20230404001;электрический;EQUIPMENT
20230223002;станция;EQUIPMENT
20221117004;перемен;EQUIPMENT
202209130004-N1;дороги;EQUIPMENT
202209130004-N1;системы управления;EQUIPMENT
202209130004-N1;станция;EQUIPMENT
202209130004-N1;электрический;EQUIPMENT
20221010003;220 кВ;EQUIPMENT
20221010003;станция;EQUIPMENT
20221010003;шкаф;EQUIPMENT
20230530007-N1;датчиков;EQUIPMENT
202305240007;электрический;EQUIPMENT
20230328003;Плюс;EQUIPMENT
202301160008-N1;станция;EQUIPMENT
202303010001;станция;EQUIPMENT
20230606003;станция;EQUIPMENT
20230601004;Источник;EQUIPMENT
;электроэнергией;EQUIPMENT
20221226003;дороги;EQUIPMENT
20221226003;станция;EQUIPMENT
20221020005;кабеля;EQUIPMENT
20221020005;Источник;EQUIPMENT
20221220002;станция;EQUIPMENT
202304230002-N1;станция;EQUIPMENT
202212010003;кабеля;EQUIPMENT
20230627007;Источник;EQUIPMENT
20221130002;трансформатор;EQUIPMENT
202301160006;электроэнергией;EQUIPMENT
20230504008;кабеля;EQUIPMENT
20230504008;станция;EQUIPMENT
202304030001;Источник;EQUIPMENT
20230117003;Источник;EQUIPMENT
20230428002;Приложение;EQUIPMENT
20230428002;станция;EQUIPMENT
20230428002;Группа;EQUIPMENT
20230220004-N1;станция;EQUIPMENT
20221011008;Источник;EQUIPMENT
202303020011;станция;EQUIPMENT
20220920002-N1;матрицы;EQUIPMENT
20220920002-N1;дороги;EQUIPMENT
20230706002;трансформатор;EQUIPMENT
20230706002;датчиков;EQUIPMENT
202307130013;станция;EQUIPMENT
20230515002;4000A;EQUIPMENT
20230515002;Плюс;EQUIPMENT
20230515002;2000A 3;EQUIPMENT
20230515002;1250A;EQUIPMENT
20230515002;Приложение;EQUIPMENT
20230515002;Защитный шкаф 3.;EQUIPMENT
20230515002;Внутренний;EQUIPMENT
20230515002;Все установки;EQUIPMENT
20230515002;Вакуумный прерыватель 1-го крыла;EQUIPMENT
20230515002;0.5-4000 A-31.5kA;EQUIPMENT
20230515002;матрицы;EQUIPMENT
20230515002;2500 A;EQUIPMENT
20230515002;Вход в шкаф;EQUIPMENT
20230515002;KYN61-40.5-1250 A-31.5kA 1 комплекты для SF6;EQUIPMENT
20230515002;устройства и линии связи;EQUIPMENT
20230515002;40.5-4000 A-31.5kA;EQUIPMENT
20230515002;KYN61-40.5-630 A-31.5kA;EQUIPMENT
20230515002;Вся бронзовая труба с 3 метрами,;EQUIPMENT
20230515002;Вакуумный прерыватель на 1-й площадке;EQUIPMENT
20230515002;82000A;EQUIPMENT
20230515002;2000Am5;EQUIPMENT
20230515002;KYN61-40.5-1250 A-31.5kA;EQUIPMENT
20230515002;5PT шкаф;EQUIPMENT
20230515002;3150A;EQUIPMENT
20230515002;вакуумные блоки;EQUIPMENT
20230515002;Устройство по одному;EQUIPMENT
20230515002;4SVG/FC;EQUIPMENT
20230515002;Электронный счет 3 наружных щитов;EQUIPMENT
20230515002;место и крышка вакуумного прерывания;EQUIPMENT
20230515002;SF6;EQUIPMENT
20230515002;SVG;EQUIPMENT
20230515002;(Сталь);EQUIPMENT
20230515002;Электрическая цепь/запас;EQUIPMENT
20230515002;Сталь, винт;EQUIPMENT
20230515002;1600A;EQUIPMENT
20230515002;Вторичное переваривание;EQUIPMENT
20230515002;2500A;EQUIPMENT
20230515002;630A;EQUIPMENT
20230515002;шкаф;EQUIPMENT
20230515002;электрический;EQUIPMENT
20230515002;Установка приложений;EQUIPMENT
20230515002;меди, в том числе;EQUIPMENT
20230515002;Мониторинг газов;EQUIPMENT
20230515002;KYN61-40.5-630 A-31.5kA 1 комплекты для SF6;EQUIPMENT
202305190017;(Сталь);EQUIPMENT
202305190017;4,5 МВт;EQUIPMENT
20230607005;SVG;EQUIPMENT
20230315007;трансформатор;EQUIPMENT
20230315007;станция;EQUIPMENT
20230110005;системы управления;EQUIPMENT
20230110005;датчиков;EQUIPMENT
20230110005;кабеля;EQUIPMENT
20230110005;Источник;EQUIPMENT
202302240006-N1;Источник;EQUIPMENT
20230220003;Источник;EQUIPMENT
20230105002;станция;EQUIPMENT
20230625003;трансформатор;EQUIPMENT
20230625003;220 кВ;EQUIPMENT
202210110004;220 кВ;EQUIPMENT
202210110004;системы управления;EQUIPMENT
202210110004;станция;EQUIPMENT
202307130015;трансформатор;EQUIPMENT
202307130015;220 кВ;EQUIPMENT
202307130015;станция;EQUIPMENT
202305190016;(Сталь);EQUIPMENT
202305190016;4,5 МВт;EQUIPMENT
20221117005;перемен;EQUIPMENT
202212020003;Источник;EQUIPMENT
20230628004;дороги;EQUIPMENT
20230628004;станция;EQUIPMENT
202211240006;системы управления;EQUIPMENT
20230329002;матрицы;EQUIPMENT
20230329002;(Сталь);EQUIPMENT
20220920006;станция;EQUIPMENT
20230420008;станция;EQUIPMENT
202304240015;матрицы;EQUIPMENT
202304240015;дороги;EQUIPMENT
202304240015;перемен;EQUIPMENT
202304240015;станция;EQUIPMENT
202304240015;электрический;EQUIPMENT
202211140004-N1;трансформатор;EQUIPMENT
202211140004-N1;станция;EQUIPMENT
202211140004-N1;шкаф;EQUIPMENT
20230626002;Источник;EQUIPMENT
20230626002;электрический;EQUIPMENT
20230627004;матрицы;EQUIPMENT
202306280006;станция;EQUIPMENT
20230710006;трансформатор;EQUIPMENT
202304240012;станция;EQUIPMENT
20230307004;Источник;EQUIPMENT
20230307004;Группа;EQUIPMENT
202302130006;Внутренний;EQUIPMENT
202302130006;системы управления;EQUIPMENT
202302130006;станция;EQUIPMENT
20230116002;станция;EQUIPMENT
20230706007;матрицы;EQUIPMENT
20230706007;дороги;EQUIPMENT
20230706007;станция;EQUIPMENT
202211010003;системы управления;EQUIPMENT
20230424001;Источник;EQUIPMENT
20230627002;станция;EQUIPMENT
20230510003;трансформатор;EQUIPMENT
20230510003;матрицы;EQUIPMENT
20230510003;дороги;EQUIPMENT
20230510003;станция;EQUIPMENT
20230423005;станция;EQUIPMENT
202303130004;трансформатор;EQUIPMENT
202303130004;датчиков;EQUIPMENT
202303130004;шкаф;EQUIPMENT
20230614002;матрицы;EQUIPMENT
20230614002;SF6;EQUIPMENT
20230614002;станция;EQUIPMENT
20230614006;Источник;EQUIPMENT
20230614006;станция;EQUIPMENT
202307110005;дороги;EQUIPMENT
20221220005;трансформатор;EQUIPMENT
20221220005;перемен;EQUIPMENT
20221220005;станция;EQUIPMENT
20221220005;шкаф;EQUIPMENT
20221128002;трансформатор;EQUIPMENT
20221128002;220 кВ;EQUIPMENT
20221128002;Источник;EQUIPMENT
20221128002;станция;EQUIPMENT
20221114005;Источник;EQUIPMENT
202303010005-N1;220 кВ;EQUIPMENT
202303010005-N1;станция;EQUIPMENT
20230504004;трансформатор;EQUIPMENT
20230504004;дороги;EQUIPMENT
20230504004;220 кВ;EQUIPMENT
20230504004;станция;EQUIPMENT
20230504004;Группа;EQUIPMENT
202305240015;кабеля;EQUIPMENT
202305240015;станция;EQUIPMENT
202305240015;высоковольтных кабелей;EQUIPMENT
202305240015;шкаф;EQUIPMENT
202305240015;электрический;EQUIPMENT
20230627003;матрицы;EQUIPMENT
202307120009;Приложение;EQUIPMENT
202307120009;кабеля;EQUIPMENT
202307120009;шкаф;EQUIPMENT
20230119007;электрический;EQUIPMENT
202303030010;Источник;EQUIPMENT
202305190022;системы управления;EQUIPMENT
20230207004;электроэнергией;EQUIPMENT
20230207004;станция;EQUIPMENT
20230607002;станция;EQUIPMENT
20221220004;шкаф;EQUIPMENT
202301180008;станция;EQUIPMENT
202305100011;Источник;EQUIPMENT
202305100011;станция;EQUIPMENT
202305100011;шкаф;EQUIPMENT
20230103001;датчиков;EQUIPMENT
20230103001;шкаф;EQUIPMENT
2023070004;220 кВ;EQUIPMENT
2023070004;электроэнергией;EQUIPMENT
2023070004;станция;EQUIPMENT
2023070004;Группа;EQUIPMENT
202307130012;станция;EQUIPMENT
